,Mean,Var,aCF1,Trend,Linearity,Curvature,Season,Peak,Trough,Entropy,Lumpiness,Spikiness,Lshift,Vchange,Fspots,Cpoints,KlScore,ChangeIdx
0,6.904494488474295,52.39361865572006,1e-11,0.8652578650885994,0.0001794006903223746,0.858482226180848,0.2669923622281759,0,6,0.33527829595296077,110.46408391156407,0.2522834820221051,0.489284665818575,40.34849294937633,2,2.0,343.06181553126123,18
1,44.7816150676538,4841.264885319911,1e-11,0.9295702596042603,0.09900830279281768,305.0833355637675,0.18051591014317026,3,0,0.5044980986124126,12753001.00451681,44.4506578067697,18.74199162347722,6899.490148167721,4,18.0,2972.7641806068996,114
2,44.81912961989436,10423.023812209225,1e-11,0.8833013351952866,0.005938281962046704,-107.4304618690679,0.21595723049063964,2,6,0.6192192088995712,223569651.33389148,766.5529087609664,32.46042398454087,61473.52610516461,4,12.0,4951.616562221761,15
3,18.306890669018784,827.3700705327514,1e-11,0.740437920419293,6.139815585150748e-05,26.065079651994175,0.5033279040751328,2,0,0.7447068666264045,415194.33488557534,40.332285951873715,6.873606313166928,3230.895390908967,5,22.0,1166.270807449353,58
4,59.67684690499759,11917.26964200588,1e-11,0.9269684326654509,0.07961721941317096,394.2086625333249,0.20337069806061503,6,2,0.5088323805515687,135597811.50918356,413.69936801880647,26.472764265236293,13844.821966879183,6,20.0,4390.6525077345495,101
5,49.59497677037321,13835.529163643805,1e-11,0.9257243280388322,0.10749741687955866,537.5750556439818,0.24734179560552405,6,5,0.5626300587769963,220563120.18699136,1000.5678216073312,37.70724774988162,42507.11143414778,4,23.0,6004.392462934395,123
6,8.787959663885617,26.65841712148504,1e-11,0.19134649644631851,0.05296085511928999,-5.171777910362215,0.47880514264425633,2,0,0.838285792703103,100.090988733145,0.9267092116108803,0.8362396334071587,60.598457115070694,2,11.0,722.3503924481865,23
7,15.118765788119084,283.64695311054453,1e-11,0.7418153242988094,0.04428685443337977,-43.0814010695025,0.42935684298499077,5,1,0.747743196404528,24717.949315874674,0.8630862827269625,3.136264143851058,887.9934738128428,3,36.0,735.2775278079196,13
8,23.805158423285587,507.0622144071085,1e-11,0.35200465876851494,0.004197001669909953,-14.632731474164553,0.3612998654850378,6,1,0.8338052235618416,32770.05383619508,79.03026376328307,4.727881624963242,2039.0824684363354,5,19.0,872.2443402824453,36
9,35.14678819622797,1650.3306772967576,1e-11,0.46731382733583005,0.1614900106691779,-97.2210677655004,0.745968643625633,2,0,0.7486976591355998,1539211.7375087284,1463.6140026595651,6.9720491180485915,5305.984745919653,2,7.0,1347.8311927619902,9
10,37.633134896282954,3709.3719406942873,1e-11,0.8463685879553762,0.0686073371855352,-212.43659107181566,0.3529050273559631,0,4,0.664596695818546,22018266.50814611,92.86332263080583,15.534170335850163,13699.471511530004,5,19.0,2424.2167623392324,133
11,46.06408894290325,9098.87983956852,1e-11,0.9127615878660653,0.13746945209341407,517.7039771187314,0.22912105573996278,5,2,0.5442291319797248,91235899.99201554,407.57416131182583,30.889799556771663,25461.040258461035,8,19.0,5041.319863723331,158
12,85.05546764767195,21525.09684933325,1e-11,0.748105969048174,0.06756412243159744,383.11380255971636,0.18724265227453007,1,5,0.6876012014071707,650044247.2129982,31348.67565398107,35.43380167854528,104477.32297132016,4,24.0,4062.518359517993,58
13,15.277592311121593,893.8250090859783,1e-11,0.8810180488163638,0.05469943870995239,-80.75753821888395,0.4281022404397269,2,5,0.6235158201835475,751226.3550490626,9.464692615629792,7.640418502202635,4170.48101352313,6,25.0,1065.0348153075697,56
14,6.252406836512147,83.00885403668907,1e-11,0.3589843009672684,0.031734993836953,14.107369529398472,0.40080374016045517,5,1,0.9578291975202071,5832.218961767439,17.77540545765276,2.7722843100194474,749.3391880153636,3,14.0,703.4169806204105,24
15,32.53261916112249,4386.911608083207,1e-11,0.8533863588246181,0.0699681527929025,223.7870585891178,0.24485871264089476,5,2,0.6395025588181232,26996607.808553487,620.0933255211014,23.98120656465135,25987.420012756174,4,22.0,3552.05339337877,90
16,10.464480412476068,157.29251347522882,1e-11,0.8274438066235887,4.226186474637806e-05,1.7697381673398216,0.2122010263173254,1,5,0.6339840388699335,15104.490508870344,0.35494511577549615,3.5065224662844816,515.2975483001069,5,17.0,707.416869496578,2
17,8.49001318050351,9.291431146744474,1e-11,"0    0.91237
Name: trend, dtype: float64","0    0.002109
Name: linearity, dtype: float64","0   -0.597272
Name: curvature, dtype: float64","0    0.050258
Name: season, dtype: float64","0    0.0167
Name: peak, dtype: float64","0   -0.014116
Name: trough, dtype: float64",1.1209503926735835,"0    0.000326
Name: lumpiness, dtype: float64","0    4.355370e-09
Name: spikiness, dtype: float64","0    0.0
Name: lshift, dtype: float64","0    0.0
Name: vchange, dtype: float64","0    183.0
Name: fspots, dtype: float64",17.0,"0    0.827277
Name: KLscore, dtype: float64","0    2.0
Name: change_idx, dtype: float64"
18,36.008476399680625,5016.280976362708,1e-11,0.897482993423313,0.12822537996860173,356.1016254755639,0.22128956219097606,3,4,0.53114248611254,17372531.690451887,131.49469276881496,21.45655949081781,15990.282996875412,5,15.0,3449.8912962903287,127
19,6.753023393381322,25.337068377970187,1e-11,0.7006530076344661,0.13292975970395748,12.582619680356075,0.8253931458609015,5,2,0.8830966669948288,398.54646427999626,0.06735484881055898,0.3691721177376168,96.17689737747837,2,13.0,722.3380775220892,11
20,6.040492576945059,56.33081092420297,1e-11,0.7179527067677425,0.05804262819188536,-18.581512662174003,0.3248828631530196,4,5,0.7301825817270402,1333.0612903227648,0.1540855506231487,1.6770938151696786,163.93795778288325,5,24.0,1e-11,1e-11
21,24.23774636600347,526.0997036249656,1e-11,0.66055206711058,0.0006782208089827321,6.118246939045286,0.34837379516338385,3,1,0.7202774197379541,105344.50074069845,20.677403495676316,5.802146794313899,1416.767380054617,4,20.0,952.4085722746369,35
22,27.248615047289576,680.7057885889268,1e-11,0.947913346387658,0.40000742659276883,-104.44773300968612,0.9269938517839958,6,0,0.6072522392256212,159074.90928359432,6.07542772472026,1e-11,924.5358344300749,2,8.0,772.624168763682,12
23,81.68557296301,25418.941689314386,1e-11,0.8830461981181684,0.07963862595128562,596.6340360044271,0.3015715036605182,3,0,0.5859431238766807,514646133.8140336,3872.2508723733085,41.79448326573322,130791.79338603775,4,9.0,6060.014019583144,71
24,16.718993171387524,586.3780747557452,1e-11,0.7450158411201491,0.18382624380544418,108.46997120755361,0.30485123867265285,6,1,0.7292006035367086,399944.23929491336,45.958577582864855,7.40747673247796,2363.7171729954352,5,18.0,1157.722181480528,54
25,134.4797907955767,65668.85803550134,1e-11,0.8892187916481288,0.04981677722331628,651.1205594906444,0.24630257500706576,0,4,0.588454093634785,5293514098.276572,104901.5422293052,74.3940484761219,330101.84825829335,8,20.0,6104.455496667342,2
26,19.979874184441755,959.2943307086204,1e-11,0.9032646048996456,0.12831660532791236,135.69890495101077,0.3468598569540592,3,5,0.5802453531985373,607057.3923572132,4.88873929318138,8.259845303871955,1637.8870671563684,4,19.0,1388.5500567251092,90
27,14.014338872835737,127.20158301798772,1e-11,0.5977499110615634,0.05640670797661974,23.680011854441926,0.26550185908301127,4,1,0.7747110355552728,6838.942217340756,1.589068865502611,2.3620661833845276,400.26191868538547,4,15.0,721.7296104678614,41
28,28.95357486194796,2978.8085409505325,1e-11,0.8908632549159672,0.07604608690615682,177.79944164137638,0.3421027827839187,6,2,0.581662028273083,7436721.129505017,186.40657901281438,17.041677862789726,9811.632364022864,3,21.0,2743.0346856544,87
29,24.229852214012492,2169.9531964229254,1e-11,0.9028128441489751,0.10723594436043214,210.5885381117135,0.3776482176736343,0,2,0.6094242347032963,7174338.000924806,25.276540402145386,14.140748995373656,9955.127793895952,3,24.0,2362.4335866246156,137
30,43.3660309316233,5846.75085507771,1e-11,0.9099953105304479,0.0902568697627702,320.6413725535283,0.2909413048296474,1,5,0.5601853920194948,27408547.087161645,67.48512471615301,17.958629449962203,12377.303602526974,4,25.0,2895.17861068439,123
31,38.677101844051435,5239.960848531225,1e-11,0.9500227245965484,0.1387508836431285,374.2889482511709,0.27894781321712636,3,2,0.48840674417961266,18587944.038164,31.099160690682307,18.16019933608746,7577.683805759634,5,17.0,2868.6776693712472,31
32,28.85509797807592,2152.730535858671,1e-11,0.8363462935428202,0.15127899193759461,196.0270625763339,0.3041677316858159,4,1,0.580390678920012,1850481.8214361344,241.11501559715398,13.720861611094726,9234.250686884005,4,18.0,2338.8754182216685,71
33,56.00594531348749,12060.094739884958,1e-11,0.9143561607709156,0.04824567832333183,266.0969390303713,0.3154378384697353,1,3,0.5341660388667582,112635396.53336325,1803.151153869601,28.230276804234364,41026.4836479243,4,21.0,2020.339727627523,31
34,41.862476860693874,6984.509959302567,1e-11,0.9256910954679302,0.062268757148358285,255.61842969328373,0.2193962462053829,3,5,0.5179686799318081,30127846.98721564,293.2830184442041,20.465229372669825,12576.19601606496,3,33.0,1e-11,1e-11
35,16.398142484194903,244.52857060424117,1e-11,0.7304750637752973,0.08920173833998594,25.235850811870257,0.7618847403438225,2,4,0.7468793997408548,4330.927662945827,7.5402380532226365,2.3997151201887803,676.4599890001491,2,9.0,722.4084438043102,16
36,9.961976126898795,444.09272589242266,1e-11,0.9426715435072532,0.1251212609438572,87.82849158015114,0.1999961445585715,6,3,0.5082460704815539,115777.95669062098,1.1415986555303275,5.596804767769299,782.7380644731167,4,29.0,771.3127797632216,85
37,11.691628749628938,150.12158121293538,1e-11,0.7816946259792346,0.08283669424538229,31.81072480644784,0.8883660200069595,2,3,0.7975891106480143,13687.540781007667,1.171944102913305,0.5046094133626937,464.79251005996144,2,6.0,690.6776835992844,8
38,32.73990259832993,2288.972919934151,1e-11,0.7044976628427564,0.06310110481536162,-122.12847368402458,0.26194807606378234,6,3,0.7259473492214293,4315157.147312483,375.5621322746852,11.375461663641246,8422.209664622738,6,18.0,1821.5303839031853,30
39,38.13536142830371,2520.4580773843245,1e-11,0.6855945032842016,0.04192261220229216,111.79063396107063,0.2092940971123589,6,3,0.738095251432297,5067001.586242834,524.1653096073625,12.797881729920565,10198.472267555975,7,28.0,1846.5436401226898,29
40,41.999061155703465,5830.035209591807,1e-11,0.9410236255154599,0.08467781532469304,269.84278613729344,0.3925206342317714,1,3,0.5085622878777749,30312247.20920748,59.73816191729978,14.985970277240476,10580.643656732422,4,23.0,2508.8038638355974,95
41,11.050041907965708,69.08658019758604,1e-11,0.46658956199850987,0.0001380137535756181,1.590815466798269,0.7726510102835955,6,0,0.8608476979038103,53.969949636711675,1.067888195148653,1.2448935807093129,214.19900935835452,3,7.0,589.8913910344954,27
42,14.966318593287815,331.4238340319133,1e-11,0.7922270664184146,0.20891766535937686,80.22931705064752,0.3941971579738561,5,4,0.6686962133697665,79333.47224750833,11.22704972484978,4.544879246904916,969.8137580003818,3,17.0,1e-11,1e-11
43,16.614233855721725,190.57641570779606,1e-11,0.45861620754845855,0.06196682841435504,29.122777033417204,0.4348477545984121,0,3,0.8390268019378222,8247.79472828018,7.484395998535136,2.7426629468214774,361.422696334839,3,14.0,630.6728514595661,33
44,2.618324915899284,5.896814683631122,1e-11,0.5551247377989497,0.026908377913736795,4.400401930695492,0.1920975624276703,0,1,0.7937910108882106,19.686996966276148,0.004666145424439158,0.5748443125656002,26.547241934667277,5,25.0,1e-11,1e-11
45,12.421233814926385,13.597177132540535,1e-11,"0    0.947952
Name: trend, dtype: float64","0    0.001418
Name: linearity, dtype: float64","0   -0.402494
Name: curvature, dtype: float64","0    0.046528
Name: season, dtype: float64","0    0.009847
Name: peak, dtype: float64","0   -0.0084
Name: trough, dtype: float64",1.3592367006650063,"0    0.000094
Name: lumpiness, dtype: float64","0    5.987544e-10
Name: spikiness, dtype: float64","0    0.0
Name: lshift, dtype: float64","0    0.0
Name: vchange, dtype: float64","0    184.0
Name: fspots, dtype: float64",25.0,"0    0.825797
Name: KLscore, dtype: float64","0    1.0
Name: change_idx, dtype: float64"
46,18.790486842301178,199.60359597630105,1e-11,1.0,0.24896119245548112,-21.49932147188675,1.0,1,3,0.8215532883635188,0.0,1.596397887998816e-58,1e-11,478.9349925383775,1e-11,4.0,424.60989779366776,7
47,5.76425663507982,5.764241853497645,1e-11,0.8664974620888602,0.2823593681275405,6.535601766494425,0.9001073335933912,2,1,0.7771592745585638,0.0,0.0032337770444059036,1e-11,10.08958359106115,1,5.0,232.20165204170442,12
48,32.608496139820204,1730.4137389524096,1e-11,0.8477651495609131,0.08622514603353715,128.1538979465114,0.20776083079403806,2,4,0.5329091772292547,2293767.1255915756,105.9006661956882,10.446839713882454,4088.098899786895,5,14.0,1437.2441737947565,69
49,15.836515113581491,298.42780066287855,1e-11,0.8039645587053876,0.016263196234113982,42.509905188954576,0.5942289907672892,1,4,0.7391299094869829,7447.3052214941845,5.322372256592038,3.3446674824378206,823.9605615040169,3,9.0,718.1150445956976,19
50,50.56244915845799,6361.907890002069,1e-11,0.8468674428445498,0.05590257738299689,240.58402313370772,0.2817419488367435,5,3,0.6071962231594933,29632922.402089242,1158.2470349322616,25.89363557105493,28723.833094280548,2,19.0,4048.3499355624435,114
51,3.349292241777087,0.8477325531384257,1e-11,0.5228960400405309,0.029254562421936015,0.1368559180775275,0.8935696398439033,1,2,0.7937039042307681,0.005973814419052544,4.533729563877663e-05,1e-11,2.487677535607444,2,3.0,73.20832488508033,16
52,7.5741276396282835,10.373201192397293,1e-11,0.637647027707599,0.029492874853092058,-2.614860555365919,0.8588124061529963,4,1,0.9032881555678272,0.0,0.03519055582798541,1e-11,19.818132113045305,1,7.0,355.74500007844034,12
53,59.15722753395617,2043.5646371329346,1e-11,0.351924915200967,0.033343901427875015,55.00693225907301,0.4282439982057965,2,6,0.8659092343441649,1960579.508655596,6405.058026264734,3.070787843032228,9692.707419309601,3,14.0,477.28424390911147,4
54,20.10123309817447,213.80244898873454,1e-11,0.6712715315364315,0.008356657472396608,12.681863655581655,0.4224162683188969,1,6,0.7187875421479029,2114.3552277888302,1.8281239983606994,3.0917292674867127,606.7238910895702,6,14.0,733.7274225635522,36
55,19.676787409642422,520.5322635702453,1e-11,0.6056969754530234,0.16580663260114603,90.07694766789635,0.2984120802089403,6,0,0.7606380918877157,239359.93347229337,57.272420987490406,6.058013765302828,2408.330225563677,3,23.0,987.7769043633406,18
56,63.290309778729,17716.431126139985,1e-11,0.9076780954816108,0.07377077663846014,433.8700466201343,0.25441537637202827,0,5,0.5580542545384136,295120010.7024233,4072.5007192511207,39.35437347530568,46487.306668103185,8,17.0,6506.298533594556,69
57,11.363788615491838,101.8776716169562,1e-11,0.45548066353434813,0.048616554006411926,20.684909349825553,0.23985057182080605,5,3,0.7809334662628125,2802.4418178986616,1.9616906419224436,2.1451030209507636,410.68923406653494,5,15.0,721.9709792713954,31
58,13.559016719883532,160.81460652493212,1e-11,0.40674082194224004,0.005516160106334985,6.255915939182316,0.2510702221718596,2,5,0.8431111108365141,2175.2632093767415,11.930308961500433,2.7009993697668193,768.3809967462336,4,17.0,724.1480106113398,9
59,22.963365907454158,315.82678333864106,1e-11,0.6195096567037257,0.003304666168094521,-8.45409764585024,0.16684011910779428,6,1,0.6886855273011757,30583.28934184791,16.06734797264495,2.2366159288188783,640.4852046804,3,13.0,793.7003935170513,12
60,40.0385067890968,979.7708549885439,1e-11,0.7877268197911269,0.23424339234756955,127.69356973055237,0.33340483646303476,4,3,0.5685202321444653,255909.63113634704,67.11118824367121,4.146639608734343,1339.9798420547488,3,10.0,990.5929561576695,18
61,12.349847543971125,58.90757664323878,1e-11,"0    0.688659
Name: trend, dtype: float64","0    0.001321
Name: linearity, dtype: float64","0   -0.374291
Name: curvature, dtype: float64","0    0.043063
Name: season, dtype: float64","0    0.025916
Name: peak, dtype: float64","0   -0.012127
Name: trough, dtype: float64",1.6094379124341003,"0    0.00024
Name: lumpiness, dtype: float64","0    2.088026e-08
Name: spikiness, dtype: float64","0    0.0
Name: lshift, dtype: float64","0    0.0
Name: vchange, dtype: float64","0    184.0
Name: fspots, dtype: float64",10.0,"0    0.821838
Name: KLscore, dtype: float64","0    1.0
Name: change_idx, dtype: float64"
62,5.819469360972569,13.72152517244383,1e-11,0.5360738625419833,0.20042187395663413,15.292710944886299,0.3034762217928354,2,5,0.7933728177022852,58.63579430897362,0.02018649035911775,0.7838835645497388,30.389236907360807,4,16.0,492.5292938289199,50
63,25.81165584048853,996.0184704803331,1e-11,0.7250878087452834,0.004122705710083267,23.425219847453597,0.27324867336849756,6,1,0.6679257470230351,197160.66244955722,86.56717294374877,7.276808432309981,2682.782118982936,2,12.0,1228.242974573819,39
64,5.4460462660922815,27.083131508051135,1e-11,0.442390569406098,0.021251933061315984,-7.153504013397246,0.4071334285451379,3,6,0.8216719167676039,484.43773285520706,0.5883732663740424,1.1929989106000924,145.74115437170897,3,17.0,633.4574061711137,11
65,21.542761011261,843.2326491229297,1e-11,0.863126784432438,0.15465381169893835,120.3726766570474,0.25016378113463367,2,6,0.5650732666208684,226332.38349361034,5.510632917730371,5.37893311169594,1371.346839082449,7,6.0,920.2656452387697,14
66,25.93571561285461,424.0084839610445,1e-11,0.8322527421122844,0.031593743577329504,43.061906106005154,0.932483480942518,1,6,0.8637995098490037,0.0,22.18888834136533,1e-11,1113.8236859002127,1,12.0,793.3564910247333,14
67,4.017561081910941,4.92273134468201,1e-11,0.522912952583851,0.012468705488366679,1.1545823838888987,0.5971124768110614,3,1,0.7705909248491162,3.09781037424661,0.006061391567687949,0.4326756663205247,13.64789564733466,3,13.0,225.21054284836958,38
68,5.192266328011898,2.222641865264526,1e-11,"0    0.855236
Name: trend, dtype: float64","0    0.001593
Name: linearity, dtype: float64","0   -0.451703
Name: curvature, dtype: float64","0    0.044852
Name: season, dtype: float64","0    0.022872
Name: peak, dtype: float64","0   -0.012452
Name: trough, dtype: float64",1.6094379124341003,"0    0.000097
Name: lumpiness, dtype: float64","0    1.064335e-08
Name: spikiness, dtype: float64","0    0.0
Name: lshift, dtype: float64","0    0.0
Name: vchange, dtype: float64","0    184.0
Name: fspots, dtype: float64",13.0,"0    0.828128
Name: KLscore, dtype: float64","0    1.0
Name: change_idx, dtype: float64"
69,1e-11,1e-11,1e-11,1e-11,1e-11,1e-11,1e-11,1e-11,1e-11,1e-11,1e-11,1e-11,1e-11,1e-11,1e-11,1e-11,1e-11,1e-11
70,1e-11,1e-11,1e-11,1e-11,1e-11,1e-11,1e-11,1e-11,1e-11,1e-11,1e-11,1e-11,1e-11,1e-11,1e-11,1e-11,1e-11,1e-11
71,18.32559883562404,184.24842560003356,1e-11,0.37820894735273614,0.12725839020143773,32.71395481004335,0.4383587533287002,4,0,0.8415842040951275,18745.116456897875,10.466524435152806,2.845356130786925,667.9510515268005,3,17.0,724.4669847959887,24
72,5.8792455830776795,18.48509663962757,1e-11,0.8439347491993766,0.051010011651423014,-5.251279311859667,0.9558376909592075,5,1,0.8654325968284444,0.0,0.015985496371187843,1e-11,67.5567392036718,1,5.0,156.4521598826381,14
73,13.264529663461532,198.39349955547934,1e-11,0.6955894926687543,0.04117581891142957,24.939341104448612,0.24483445191376896,1,2,0.6962779055880947,9639.320882392265,4.69977650945158,2.6768751251371423,549.86700562578,3,15.0,722.6251899176815,8
74,19.97459446824266,258.6365191178099,1e-11,0.33821235776540937,0.003965142099125205,-19.87830500909586,0.7554077233395435,5,4,0.8462047090127606,32920.54542260168,42.910056078913584,1e-11,896.5714442877173,2,7.0,722.495407185519,13
75,1e-11,1e-11,1e-11,1e-11,1e-11,1e-11,1e-11,1e-11,1e-11,1e-11,1e-11,1e-11,1e-11,1e-11,1e-11,1e-11,1e-11,1e-11
76,22.79476185871039,139.23697109575195,1e-11,0.22220961128277206,0.00014864387774766335,8.093668425576096,0.5625722001554657,6,0,0.7960958822062844,2661.697992877359,13.857756123015795,2.2344798478388803,448.20538563591373,2,10.0,723.6115874361958,15
77,15.375095745751302,16.958058989555166,1e-11,1.0,0.04209036478948328,6.8215843147081605,1.0,6,5,0.8569091561519404,0.0,0.0,1e-11,45.03492285718392,1e-11,3.0,714.0494736399414,4
78,6.458934190931187,22.55076405965842,1e-11,0.1711162075199849,0.0015535778410567843,2.02675990719403,0.5023062596987481,3,2,0.8716133125872287,0.4372444157354979,0.4370665045703948,0.9855665673141445,92.94355099323148,3,10.0,722.3280104152687,30
79,15.985638342634088,417.0237518800077,1e-11,0.7595478381680619,0.02865041549252401,35.63331265729309,0.2742575254037539,5,4,0.6383535318706045,98049.30460527453,10.097488491504865,4.977911918589564,1470.672185893708,3,21.0,1e-11,1e-11
80,99.88390299977937,30558.72395697986,1e-11,"0    0.942883
Name: trend, dtype: float64","0    0.000331
Name: linearity, dtype: float64","0   -0.094445
Name: curvature, dtype: float64","0    0.029593
Name: season, dtype: float64","0    0.003867
Name: peak, dtype: float64","0   -0.005373
Name: trough, dtype: float64",1.9722469794234418,"0    0.000647
Name: lumpiness, dtype: float64","0    1.865778e-10
Name: spikiness, dtype: float64","0    0.0
Name: lshift, dtype: float64","0    0.0
Name: vchange, dtype: float64","0    190.0
Name: fspots, dtype: float64",21.0,"0    0.702547
Name: KLscore, dtype: float64","0    2.0
Name: change_idx, dtype: float64"
81,63.541147962333696,2627.2947647091823,1e-11,0.9895722196146266,0.0385440563383772,108.01849875838127,0.9980637205600306,0,4,0.8781690460549144,0.0,0.22263903416082206,1e-11,10043.264665258639,1,7.0,1221.088958883639,13
82,29.830303222341076,73.9617690709156,1e-11,"0    0.962928
Name: trend, dtype: float64","0    0.002241
Name: linearity, dtype: float64","0   -0.636693
Name: curvature, dtype: float64","0    0.040442
Name: season, dtype: float64","0    0.01178
Name: peak, dtype: float64","0   -0.013159
Name: trough, dtype: float64",1.0888999753452235,"0    0.000041
Name: lumpiness, dtype: float64","0    1.982104e-09
Name: spikiness, dtype: float64","0    0.0
Name: lshift, dtype: float64","0    0.0
Name: vchange, dtype: float64","0    184.0
Name: fspots, dtype: float64",7.0,"0    0.736246
Name: KLscore, dtype: float64","0    1.0
Name: change_idx, dtype: float64"
83,1e-11,1e-11,1e-11,1e-11,1e-11,1e-11,1e-11,1e-11,1e-11,1e-11,1e-11,1e-11,1e-11,1e-11,1e-11,1e-11,1e-11,1e-11
84,16.404455352599076,280.7475467949389,1e-11,0.6623761916278683,0.052970936145208355,34.73210660071284,0.3784196965325285,5,6,0.752289820906103,39490.38874901078,7.237166622072222,3.7624939377910955,1090.1111014047435,6,19.0,733.0922631211396,44
85,33.5973353208671,1510.0277724266198,1e-11,0.7015520646591213,0.11571093357885037,117.00390677468033,0.4005995631263304,3,5,0.7467909432070223,930404.9557490235,292.428701990778,9.17499361897432,4408.1980858617135,5,15.0,1357.6686196841438,48
86,18.435954396284277,360.46820195950414,1e-11,0.839693169446221,0.0014820275582096828,7.59814631389356,0.33101534796520227,5,3,0.5598384953480158,29460.041289030316,2.1209247433897516,3.6676704501582904,448.3935510321426,3,12.0,724.4411796673445,19
87,9.351979984382822,24.12571719942788,1e-11,0.4040409986124299,0.0036716633202744154,0.7024828993950702,0.6621544638977899,6,5,0.784021909434309,0.013980132989005207,0.33897382499252776,0.2755122900893454,53.79898272428912,2,10.0,608.61754238903,13
88,22.075410519903308,460.9998174630674,1e-11,0.7281103106439024,0.00893727091447776,16.619208983691333,0.26469175135233514,2,5,0.6746688529275067,111109.60149290606,28.508330105424644,4.614298897996861,1152.4062213423704,5,9.0,838.5992884726707,32
89,13.613356645181772,140.0408746605627,1e-11,0.41337625321603455,0.05757338361420028,-25.82063187044654,0.4140585787328308,6,0,0.7396823262081553,7797.962964092844,7.9331839845584335,2.6667402725641285,453.56134517594126,4,16.0,700.7767320664407,41
90,1e-11,1e-11,1e-11,1e-11,1e-11,1e-11,1e-11,1e-11,1e-11,1e-11,1e-11,1e-11,1e-11,1e-11,1e-11,1e-11,1e-11,1e-11
91,18.56466703349882,39.661492638471586,1e-11,0.5624120145596823,0.0313682736813564,-4.968372758772503,0.91402293485829,2,0,0.7950274269205673,0.0,0.15552496468183574,1e-11,59.400582368795426,1,4.0,1e-11,1e-11
92,1e-11,1e-11,1e-11,1e-11,1e-11,1e-11,1e-11,1e-11,1e-11,1e-11,1e-11,1e-11,1e-11,1e-11,1e-11,1e-11,1e-11,1e-11
93,19.96730707468777,358.06789147768205,1e-11,0.8917131291329794,0.22412133538901505,-58.005450463256224,0.8884559049627959,5,0,0.7131489567361989,60254.382108694066,3.601118455896014,3.75369948719184,1244.1685178190453,2,7.0,756.4681370089138,6
94,9.15775302674622,3.4054363065939186,1e-11,0.341222442144996,0.07092895986450469,1.1180096642894592,0.8717529683521414,6,1,0.9387636908299964,0.0,0.003789220018381178,1e-11,16.74469351477246,1,3.0,290.9110477903684,12
95,28.196092186647636,63.7863621317523,1e-11,1.0,0.002892886517077532,-1.380695995295028,1.0,4,5,0.8609994408689157,0.0,3.210422850908919e-60,1e-11,166.34128843280592,1e-11,2.0,682.6893715537409,5
96,1e-11,1e-11,1e-11,1e-11,1e-11,1e-11,1e-11,1e-11,1e-11,1e-11,1e-11,1e-11,1e-11,1e-11,1e-11,1e-11,1e-11,1e-11
97,64.04134078447048,4392.406679452426,1e-11,0.697697363003989,0.11696662203511862,177.90929337098225,0.8196262346213525,4,5,0.8187418867347453,3855351.1952547133,1162.052731078594,7.943119529695167,9732.009747902019,2,9.0,2151.3043968254815,17
98,1e-11,1e-11,1e-11,1e-11,1e-11,1e-11,1e-11,1e-11,1e-11,1e-11,1e-11,1e-11,1e-11,1e-11,1e-11,1e-11,1e-11,1e-11
99,41.013136163650074,1225.1231865869568,1e-11,0.7478108780831347,0.09630350140262438,87.86909914715952,0.6479547130307141,4,1,0.6625568213837589,313483.21307768364,152.47873923338778,4.796302171047621,2047.7744866851003,2,9.0,1000.4749821411842,20
100,3.0565369813251473,0.00030901414100016904,1e-11,"0    0.94193
Name: trend, dtype: float64","0    0.003602
Name: linearity, dtype: float64","0   -1.016461
Name: curvature, dtype: float64","0    0.043065
Name: season, dtype: float64","0    0.018597
Name: peak, dtype: float64","0   -0.01824
Name: trough, dtype: float64",0.9830877585747855,"0    0.003057
Name: lumpiness, dtype: float64","0    1.065987e-08
Name: spikiness, dtype: float64","0    0.0
Name: lshift, dtype: float64","0    0.0
Name: vchange, dtype: float64","0    182.0
Name: fspots, dtype: float64",9.0,"0    0.769712
Name: KLscore, dtype: float64","0    3.0
Name: change_idx, dtype: float64"
101,7.173755925799034,7.014043989740468,1e-11,"0    0.873672
Name: trend, dtype: float64","0    0.001871
Name: linearity, dtype: float64","0   -0.530793
Name: curvature, dtype: float64","0    0.046845
Name: season, dtype: float64","0    0.02328
Name: peak, dtype: float64","0   -0.013112
Name: trough, dtype: float64",1.6957425341696346,"0    0.000183
Name: lumpiness, dtype: float64","0    1.327983e-08
Name: spikiness, dtype: float64","0    0.0
Name: lshift, dtype: float64","0    0.0
Name: vchange, dtype: float64","0    184.0
Name: fspots, dtype: float64",9.0,"0    0.91703
Name: KLscore, dtype: float64","0    1.0
Name: change_idx, dtype: float64"
102,4.120006109644088,7.321734361593587e-06,1e-11,"0    0.936648
Name: trend, dtype: float64","0    0.003203
Name: linearity, dtype: float64","0   -0.906249
Name: curvature, dtype: float64","0    0.043124
Name: season, dtype: float64","0    0.018885
Name: peak, dtype: float64","0   -0.019102
Name: trough, dtype: float64",1.240684291953396,"0    0.00225
Name: lumpiness, dtype: float64","0    1.127454e-08
Name: spikiness, dtype: float64","0    0.0
Name: lshift, dtype: float64","0    0.0
Name: vchange, dtype: float64","0    183.0
Name: fspots, dtype: float64",9.0,"0    0.741108
Name: KLscore, dtype: float64","0    2.0
Name: change_idx, dtype: float64"
103,8.700956262802237,6.1121872248851865,1e-11,0.4919322055945897,0.014372949839608124,1.3704130294325,0.7606706756136439,0,6,0.8039148935085708,0.0,0.060910833747103155,1e-11,15.369589228194725,1,4.0,392.10415325751046,13
104,5.540997839831271,12.158679448312673,1e-11,0.6347027347086178,0.19699833206898668,9.17584919526973,0.8451520730158197,3,6,0.8167076562664227,65.86972596525865,0.009366841889708306,0.6489703725212408,22.56228656467236,2,11.0,377.59570811616186,9
105,4.330970552212669,2.2962912793389734,1e-11,1.0,0.11349634151439303,0.48886365791898134,1.0,1,6,0.7348657031487599,0.0,8.735922326099015e-63,1e-11,0.6113367963052325,1e-11,2.0,41.68969110521812,7
106,12.459583331609053,71.90865740249798,1e-11,0.9540271264875719,0.033140418440027346,-21.664174847326052,0.9796686715037598,6,0,0.7791295389959968,0.0,0.056644864510279676,1e-11,91.95003620626717,1,5.0,630.2064485568962,14
107,16.565883338088685,144.5608769321806,1e-11,0.2843590413512209,0.00029770742552940753,-5.408526438400086,0.43284351249933883,6,0,0.8471450441907031,6250.526969039541,22.86598155512234,2.256116282823726,722.4028541920526,3,14.0,728.0843638728002,23
108,17.822533023572706,98.88875329070906,1e-11,0.6524910354174367,0.08268229945401467,13.825003668596676,0.7806132914223798,4,5,0.8034784812823427,1202.6339979794313,1.9153331727522172,0.509758352694039,297.5256812267008,2,8.0,722.1160606053245,18
109,8.940615386611105,28.990230532525352,1e-11,"0    0.92092
Name: trend, dtype: float64","0    0.00141
Name: linearity, dtype: float64","0   -0.396352
Name: curvature, dtype: float64","0    0.031917
Name: season, dtype: float64","0    0.00987
Name: peak, dtype: float64","0   -0.007183
Name: trough, dtype: float64",1.6307991045856434,"0    0.000265
Name: lumpiness, dtype: float64","0    1.095134e-09
Name: spikiness, dtype: float64","0    0.0
Name: lshift, dtype: float64","0    0.0
Name: vchange, dtype: float64","0    180.0
Name: fspots, dtype: float64",8.0,"0    0.820913
Name: KLscore, dtype: float64","0    5.0
Name: change_idx, dtype: float64"
110,6.291759430315719,47.12384940671569,1e-11,0.4810834427279288,0.0031739610357568037,8.260265126394163,0.49896948737104796,0,2,0.8981182573943325,1611.3240530756918,7.043169549249996,0.3367265260990848,250.08160415635132,2,3.0,688.3170217759679,11
111,1e-11,1e-11,1e-11,1e-11,1e-11,1e-11,1e-11,1e-11,1e-11,1e-11,1e-11,1e-11,1e-11,1e-11,1e-11,1e-11,1e-11,1e-11
112,1e-11,1e-11,1e-11,1e-11,1e-11,1e-11,1e-11,1e-11,1e-11,1e-11,1e-11,1e-11,1e-11,1e-11,1e-11,1e-11,1e-11,1e-11
113,17.162957228697998,241.72440511165976,1e-11,0.36478169520475434,0.06025115816294811,-29.457312608552314,0.5874205589311288,6,3,0.8422647608652891,3045.780551292366,32.50149125323975,2.3009425537573414,911.7660898680675,3,7.0,726.4859265186948,16
114,6.107442242431663,6.446665621090218,1e-11,0.2871081575302197,0.045878235420330996,2.4993065240263537,0.5823073637642506,3,6,0.8834780111435249,2.4198090503975553,0.09502397666833859,0.24120589499780998,24.343733150220647,2,7.0,1e-11,1e-11
115,1e-11,1e-11,1e-11,1e-11,1e-11,1e-11,1e-11,1e-11,1e-11,1e-11,1e-11,1e-11,1e-11,1e-11,1e-11,1e-11,1e-11,1e-11
116,13.466354741089523,17.976107255586577,1e-11,0.41483597914861925,0.018708947281006114,-5.066027668214007,0.7715331863537729,4,6,0.8215899898643481,0.0,0.19988861707373942,1e-11,45.08009666162826,1,3.0,522.9281103856192,14
117,1e-11,1e-11,1e-11,1e-11,1e-11,1e-11,1e-11,1e-11,1e-11,1e-11,1e-11,1e-11,1e-11,1e-11,1e-11,1e-11,1e-11,1e-11
118,16.187631771806778,241.715539247042,1e-11,0.6254536325166099,0.0455208082978596,30.181793028203906,0.45358517933869225,4,6,0.7839000743041349,18194.724089890846,31.022965573296414,3.713094186937216,1055.7661846573017,2,11.0,702.6854232353008,30
119,6.4101721429830025,31.80815208525925,1e-11,0.5632509135459749,0.04810567856042739,-9.51873645865745,0.43838963920032004,5,6,0.8016677973259951,530.8389388039977,1.3194950272563897,0.4700375812202209,108.35421599469208,3,12.0,722.2149942527252,6
120,13.562404493233599,60.59706565917023,1e-11,0.15352480732370155,0.009246596839618603,-0.509050409351893,0.6346591320883901,1,0,0.821458699909095,30.26542091169782,3.722801933306972,0.9783420610294105,204.9001553734165,2,6.0,722.1058719623396,1
121,1e-11,1e-11,1e-11,1e-11,1e-11,1e-11,1e-11,1e-11,1e-11,1e-11,1e-11,1e-11,1e-11,1e-11,1e-11,1e-11,1e-11,1e-11
122,25.967935507933685,271.03095028568833,1e-11,0.1963985505433371,0.002905967356820652,1.852369888393815,0.3903704233936264,3,6,0.8691701495669304,10889.652782525936,141.9186965548284,3.866414222403474,1400.8073730730307,3,5.0,832.1812424256702,10
123,6.752365841668923,18.495859647643435,1e-11,0.6503259741031451,0.00013092214265842758,2.559201013257176,0.8207283271916764,1,4,0.7880256069466353,4.79935807147099,0.03591914212400708,0.40235286594830466,53.51956205420184,2,7.0,548.0708927880033,1
124,1e-11,1e-11,1e-11,1e-11,1e-11,1e-11,1e-11,1e-11,1e-11,1e-11,1e-11,1e-11,1e-11,1e-11,1e-11,1e-11,1e-11,1e-11
125,46.36031778170198,883.0500278907072,1e-11,0.36751115047374405,0.041729574634635745,-55.91327828889032,0.4806683110612596,1,3,0.8994703813202871,253714.30446338363,1316.4981204154046,1.315639655403281,3620.6686958704363,2,9.0,1290.8955621136365,5
126,21.838229318583334,61.661694132533945,1e-11,"0    0.836443
Name: trend, dtype: float64","0    0.002327
Name: linearity, dtype: float64","0   -0.65543
Name: curvature, dtype: float64","0    0.049596
Name: season, dtype: float64","0    0.026117
Name: peak, dtype: float64","0   -0.015936
Name: trough, dtype: float64",1.5171063970610277,"0    0.001947
Name: lumpiness, dtype: float64","0    2.153061e-08
Name: spikiness, dtype: float64","0    0.0
Name: lshift, dtype: float64","0    0.0
Name: vchange, dtype: float64","0    182.0
Name: fspots, dtype: float64",9.0,"0    0.843364
Name: KLscore, dtype: float64","0    3.0
Name: change_idx, dtype: float64"
127,1e-11,1e-11,1e-11,1e-11,1e-11,1e-11,1e-11,1e-11,1e-11,1e-11,1e-11,1e-11,1e-11,1e-11,1e-11,1e-11,1e-11,1e-11
128,1e-11,1e-11,1e-11,1e-11,1e-11,1e-11,1e-11,1e-11,1e-11,1e-11,1e-11,1e-11,1e-11,1e-11,1e-11,1e-11,1e-11,1e-11
129,31.43341231446662,127.01403737985962,1e-11,"0    0.89326
Name: trend, dtype: float64","0    0.003217
Name: linearity, dtype: float64","0   -0.903261
Name: curvature, dtype: float64","0    0.05956
Name: season, dtype: float64","0    0.018213
Name: peak, dtype: float64","0   -0.021946
Name: trough, dtype: float64",1.7347645210257752,"0    0.001683
Name: lumpiness, dtype: float64","0    8.359516e-09
Name: spikiness, dtype: float64","0    0.0
Name: lshift, dtype: float64","0    0.0
Name: vchange, dtype: float64","0    180.0
Name: fspots, dtype: float64",1e-11,"0    0.806171
Name: KLscore, dtype: float64","0    2.0
Name: change_idx, dtype: float64"
130,16.40067374745553,31.58126857568391,1e-11,0.8052916806842472,0.07341336833841694,13.471063226907578,0.8708746762535224,0,6,0.8005656018134079,0.0,0.4576136007833976,1e-11,56.91204169660938,1,7.0,652.3244055731542,6
131,17.443157366816497,629.4887430587382,1e-11,0.6569753632287791,0.0010901887721111367,-3.9516852071593322,0.2883030836558014,6,5,0.7677710327671361,291016.6670523132,106.51356945098121,5.972513891093314,2797.8222561156613,4,10.0,898.5568710188186,12
132,23.11049134993094,116.40034653282972,1e-11,"0    0.915904
Name: trend, dtype: float64","0    0.002052
Name: linearity, dtype: float64","0   -0.574699
Name: curvature, dtype: float64","0    0.025909
Name: season, dtype: float64","0    0.009382
Name: peak, dtype: float64","0   -0.008191
Name: trough, dtype: float64",1.7670091910745693,"0    0.00028
Name: lumpiness, dtype: float64","0    1.794825e-09
Name: spikiness, dtype: float64","0    0.0
Name: lshift, dtype: float64","0    0.0
Name: vchange, dtype: float64","0    179.0
Name: fspots, dtype: float64",10.0,"0    0.52298
Name: KLscore, dtype: float64","0    6.0
Name: change_idx, dtype: float64"
133,12.170503512071548,139.43803256943278,1e-11,"0    0.56147
Name: trend, dtype: float64","0    0.000923
Name: linearity, dtype: float64","0   -0.261233
Name: curvature, dtype: float64","0    0.043842
Name: season, dtype: float64","0    0.029399
Name: peak, dtype: float64","0   -0.008263
Name: trough, dtype: float64",1.3896811919839047,"0    0.000396
Name: lumpiness, dtype: float64","0    3.072852e-08
Name: spikiness, dtype: float64","0    0.0
Name: lshift, dtype: float64","0    0.0
Name: vchange, dtype: float64","0    183.0
Name: fspots, dtype: float64",10.0,"0    0.504797
Name: KLscore, dtype: float64","0    6.0
Name: change_idx, dtype: float64"
134,1e-11,1e-11,1e-11,1e-11,1e-11,1e-11,1e-11,1e-11,1e-11,1e-11,1e-11,1e-11,1e-11,1e-11,1e-11,1e-11,1e-11,1e-11
135,1e-11,1e-11,1e-11,1e-11,1e-11,1e-11,1e-11,1e-11,1e-11,1e-11,1e-11,1e-11,1e-11,1e-11,1e-11,1e-11,1e-11,1e-11
136,1e-11,1e-11,1e-11,1e-11,1e-11,1e-11,1e-11,1e-11,1e-11,1e-11,1e-11,1e-11,1e-11,1e-11,1e-11,1e-11,1e-11,1e-11
137,22.46925536065014,65.02429112568373,1e-11,"0    0.86563
Name: trend, dtype: float64","0    0.003615
Name: linearity, dtype: float64","0   -1.00964
Name: curvature, dtype: float64","0    0.028516
Name: season, dtype: float64","0    0.014312
Name: peak, dtype: float64","0   -0.020434
Name: trough, dtype: float64",1.4897503188505912,"0    0.000985
Name: lumpiness, dtype: float64","0    1.339279e-08
Name: spikiness, dtype: float64","0    0.0
Name: lshift, dtype: float64","0    0.0
Name: vchange, dtype: float64","0    179.0
Name: fspots, dtype: float64",1e-11,"0    0.829109
Name: KLscore, dtype: float64","0    2.0
Name: change_idx, dtype: float64"
138,1e-11,1e-11,1e-11,1e-11,1e-11,1e-11,1e-11,1e-11,1e-11,1e-11,1e-11,1e-11,1e-11,1e-11,1e-11,1e-11,1e-11,1e-11
139,15.094068936121914,90.81352374618062,1e-11,"0    0.763113
Name: trend, dtype: float64","0    0.002118
Name: linearity, dtype: float64","0   -0.593667
Name: curvature, dtype: float64","0    0.060865
Name: season, dtype: float64","0    0.021191
Name: peak, dtype: float64","0   -0.021459
Name: trough, dtype: float64",2.1383972463477243,"0    0.00136
Name: lumpiness, dtype: float64","0    1.160152e-08
Name: spikiness, dtype: float64","0    0.0
Name: lshift, dtype: float64","0    0.0
Name: vchange, dtype: float64","0    181.0
Name: fspots, dtype: float64",1e-11,"0    0.836998
Name: KLscore, dtype: float64","0    4.0
Name: change_idx, dtype: float64"
140,1e-11,1e-11,1e-11,1e-11,1e-11,1e-11,1e-11,1e-11,1e-11,1e-11,1e-11,1e-11,1e-11,1e-11,1e-11,1e-11,1e-11,1e-11
141,1e-11,1e-11,1e-11,1e-11,1e-11,1e-11,1e-11,1e-11,1e-11,1e-11,1e-11,1e-11,1e-11,1e-11,1e-11,1e-11,1e-11,1e-11
142,1e-11,1e-11,1e-11,1e-11,1e-11,1e-11,1e-11,1e-11,1e-11,1e-11,1e-11,1e-11,1e-11,1e-11,1e-11,1e-11,1e-11,1e-11
143,19.729272845083997,81.9311068138319,1e-11,0.7625868209314761,0.007563721308953402,4.82076315764832,0.9274494595927403,2,0,0.8185017512482488,0.0,0.9580026537664631,1e-11,171.09409681680035,1,5.0,722.0587639415882,8
144,24.462791066526442,677.2501408585683,1e-11,0.6895907033136496,0.128693618412072,-63.00425169176394,0.8126091843007078,4,0,0.7540168079837237,254938.66405801312,33.72437893114449,4.790651924587035,2120.389006934183,2,8.0,858.9222934317025,2
145,17.093794809381304,0.02559442968269538,1e-11,"0    0.935609
Name: trend, dtype: float64","0    0.003198
Name: linearity, dtype: float64","0   -0.90479
Name: curvature, dtype: float64","0    0.042981
Name: season, dtype: float64","0    0.018854
Name: peak, dtype: float64","0   -0.01919
Name: trough, dtype: float64",1.1685184057430877,"0    0.002264
Name: lumpiness, dtype: float64","0    1.134432e-08
Name: spikiness, dtype: float64","0    0.0
Name: lshift, dtype: float64","0    0.0
Name: vchange, dtype: float64","0    183.0
Name: fspots, dtype: float64",8.0,"0    0.750007
Name: KLscore, dtype: float64","0    2.0
Name: change_idx, dtype: float64"
146,1e-11,1e-11,1e-11,1e-11,1e-11,1e-11,1e-11,1e-11,1e-11,1e-11,1e-11,1e-11,1e-11,1e-11,1e-11,1e-11,1e-11,1e-11
147,6.127895902452266,4.724630824292098,1e-11,"0    0.802133
Name: trend, dtype: float64","0    0.002387
Name: linearity, dtype: float64","0   -0.672479
Name: curvature, dtype: float64","0    0.038188
Name: season, dtype: float64","0    0.024056
Name: peak, dtype: float64","0   -0.017232
Name: trough, dtype: float64",1.6762349391347309,"0    0.001812
Name: lumpiness, dtype: float64","0    2.263593e-08
Name: spikiness, dtype: float64","0    0.0
Name: lshift, dtype: float64","0    0.0
Name: vchange, dtype: float64","0    182.0
Name: fspots, dtype: float64",1e-11,"0    0.737083
Name: KLscore, dtype: float64","0    2.0
Name: change_idx, dtype: float64"
148,3.3234987091227386,1.1717702003929378,1e-11,"0    0.894848
Name: trend, dtype: float64","0    0.002373
Name: linearity, dtype: float64","0   -0.667941
Name: curvature, dtype: float64","0    0.049167
Name: season, dtype: float64","0    0.024183
Name: peak, dtype: float64","0   -0.013172
Name: trough, dtype: float64",1.1786549963416462,"0    0.000841
Name: lumpiness, dtype: float64","0    1.052240e-08
Name: spikiness, dtype: float64","0    0.0
Name: lshift, dtype: float64","0    0.0
Name: vchange, dtype: float64","0    181.0
Name: fspots, dtype: float64",1e-11,"0    0.917077
Name: KLscore, dtype: float64","0    4.0
Name: change_idx, dtype: float64"
149,1e-11,1e-11,1e-11,1e-11,1e-11,1e-11,1e-11,1e-11,1e-11,1e-11,1e-11,1e-11,1e-11,1e-11,1e-11,1e-11,1e-11,1e-11
150,10.882073011129751,69.8337581944031,1e-11,0.8091680221906052,0.07214177534313672,16.202238884730537,0.9540532274935146,4,3,0.8794327625160119,2021.6814781660853,0.06150470159913703,1e-11,199.46670018394624,2,9.0,722.1306396901502,12
151,35.38650537529444,749.6939423161392,1e-11,"0    0.570379
Name: trend, dtype: float64","0    0.001529
Name: linearity, dtype: float64","0   -0.427658
Name: curvature, dtype: float64","0    0.035357
Name: season, dtype: float64","0    0.028645
Name: peak, dtype: float64","0   -0.011412
Name: trough, dtype: float64",1.5367224694372195,"0    0.000568
Name: lumpiness, dtype: float64","0    3.847715e-08
Name: spikiness, dtype: float64","0    0.0
Name: lshift, dtype: float64","0    0.0
Name: vchange, dtype: float64","0    180.0
Name: fspots, dtype: float64",9.0,"0    1.035253
Name: KLscore, dtype: float64","0    3.0
Name: change_idx, dtype: float64"
152,1e-11,1e-11,1e-11,1e-11,1e-11,1e-11,1e-11,1e-11,1e-11,1e-11,1e-11,1e-11,1e-11,1e-11,1e-11,1e-11,1e-11,1e-11
153,17.242862723889765,32.51999526599649,1e-11,"0    0.810115
Name: trend, dtype: float64","0    0.002283
Name: linearity, dtype: float64","0   -0.642872
Name: curvature, dtype: float64","0    0.04554
Name: season, dtype: float64","0    0.025684
Name: peak, dtype: float64","0   -0.014381
Name: trough, dtype: float64",1.236684869140504,"0    0.002043
Name: lumpiness, dtype: float64","0    2.300098e-08
Name: spikiness, dtype: float64","0    0.0
Name: lshift, dtype: float64","0    0.0
Name: vchange, dtype: float64","0    182.0
Name: fspots, dtype: float64",1e-11,"0    0.837591
Name: KLscore, dtype: float64","0    2.0
Name: change_idx, dtype: float64"
154,35.404710662589665,576.5482377850916,1e-11,"0    0.875561
Name: trend, dtype: float64","0    0.001312
Name: linearity, dtype: float64","0   -0.372762
Name: curvature, dtype: float64","0    0.044431
Name: season, dtype: float64","0    0.021994
Name: peak, dtype: float64","0   -0.008984
Name: trough, dtype: float64",1.5571130980576455,"0    0.000533
Name: lumpiness, dtype: float64","0    7.951353e-09
Name: spikiness, dtype: float64","0    0.0
Name: lshift, dtype: float64","0    0.0
Name: vchange, dtype: float64","0    184.0
Name: fspots, dtype: float64",1e-11,"0    0.367355
Name: KLscore, dtype: float64","0    8.0
Name: change_idx, dtype: float64"
155,1e-11,1e-11,1e-11,1e-11,1e-11,1e-11,1e-11,1e-11,1e-11,1e-11,1e-11,1e-11,1e-11,1e-11,1e-11,1e-11,1e-11,1e-11
156,1e-11,1e-11,1e-11,1e-11,1e-11,1e-11,1e-11,1e-11,1e-11,1e-11,1e-11,1e-11,1e-11,1e-11,1e-11,1e-11,1e-11,1e-11
157,1e-11,1e-11,1e-11,1e-11,1e-11,1e-11,1e-11,1e-11,1e-11,1e-11,1e-11,1e-11,1e-11,1e-11,1e-11,1e-11,1e-11,1e-11
158,1e-11,1e-11,1e-11,1e-11,1e-11,1e-11,1e-11,1e-11,1e-11,1e-11,1e-11,1e-11,1e-11,1e-11,1e-11,1e-11,1e-11,1e-11
159,1e-11,1e-11,1e-11,1e-11,1e-11,1e-11,1e-11,1e-11,1e-11,1e-11,1e-11,1e-11,1e-11,1e-11,1e-11,1e-11,1e-11,1e-11
160,22.274861669468024,337.48970644983854,1e-11,0.4450251153015653,0.07418433859054507,42.70922585464247,0.5016775335532757,1,2,0.8475078503100845,83015.08798764339,323.68719063780713,0.007233576652769358,1472.2582035001983,2,1.0,678.8692355034899,9
161,19.600837344181915,0.0007896373287018963,1e-11,1.0,0.6750000000000003,-0.07503244226317562,1.0,2,3,0.4817759708118175,0.0,1.50485570068031e-60,1e-11,0.001184455993053027,1e-11,1e-11,151.86817898897735,4
162,1e-11,1e-11,1e-11,1e-11,1e-11,1e-11,1e-11,1e-11,1e-11,1e-11,1e-11,1e-11,1e-11,1e-11,1e-11,1e-11,1e-11,1e-11
163,1e-11,1e-11,1e-11,1e-11,1e-11,1e-11,1e-11,1e-11,1e-11,1e-11,1e-11,1e-11,1e-11,1e-11,1e-11,1e-11,1e-11,1e-11
164,1e-11,1e-11,1e-11,1e-11,1e-11,1e-11,1e-11,1e-11,1e-11,1e-11,1e-11,1e-11,1e-11,1e-11,1e-11,1e-11,1e-11,1e-11
165,1e-11,1e-11,1e-11,1e-11,1e-11,1e-11,1e-11,1e-11,1e-11,1e-11,1e-11,1e-11,1e-11,1e-11,1e-11,1e-11,1e-11,1e-11
166,13.409552868141805,23.976896543878468,1e-11,"0    0.879587
Name: trend, dtype: float64","0    0.001941
Name: linearity, dtype: float64","0   -0.549187
Name: curvature, dtype: float64","0    0.049423
Name: season, dtype: float64","0    0.027008
Name: peak, dtype: float64","0   -0.013174
Name: trough, dtype: float64",1.2406842919533958,"0    0.001057
Name: lumpiness, dtype: float64","0    1.620878e-08
Name: spikiness, dtype: float64","0    0.0
Name: lshift, dtype: float64","0    0.0
Name: vchange, dtype: float64","0    183.0
Name: fspots, dtype: float64",1e-11,"0    0.848367
Name: KLscore, dtype: float64","0    2.0
Name: change_idx, dtype: float64"
167,1e-11,1e-11,1e-11,1e-11,1e-11,1e-11,1e-11,1e-11,1e-11,1e-11,1e-11,1e-11,1e-11,1e-11,1e-11,1e-11,1e-11,1e-11
168,1e-11,1e-11,1e-11,1e-11,1e-11,1e-11,1e-11,1e-11,1e-11,1e-11,1e-11,1e-11,1e-11,1e-11,1e-11,1e-11,1e-11,1e-11
169,1e-11,1e-11,1e-11,1e-11,1e-11,1e-11,1e-11,1e-11,1e-11,1e-11,1e-11,1e-11,1e-11,1e-11,1e-11,1e-11,1e-11,1e-11
170,1e-11,1e-11,1e-11,1e-11,1e-11,1e-11,1e-11,1e-11,1e-11,1e-11,1e-11,1e-11,1e-11,1e-11,1e-11,1e-11,1e-11,1e-11
171,11.961852735299946,12.841012040841727,1e-11,"0    0.946594
Name: trend, dtype: float64","0    0.001386
Name: linearity, dtype: float64","0   -0.393258
Name: curvature, dtype: float64","0    0.046681
Name: season, dtype: float64","0    0.009745
Name: peak, dtype: float64","0   -0.008729
Name: trough, dtype: float64",1.0888999753452235,"0    0.000097
Name: lumpiness, dtype: float64","0    6.298888e-10
Name: spikiness, dtype: float64","0    0.0
Name: lshift, dtype: float64","0    0.0
Name: vchange, dtype: float64","0    184.0
Name: fspots, dtype: float64",1e-11,"0    0.73903
Name: KLscore, dtype: float64","0    1.0
Name: change_idx, dtype: float64"
172,1e-11,1e-11,1e-11,1e-11,1e-11,1e-11,1e-11,1e-11,1e-11,1e-11,1e-11,1e-11,1e-11,1e-11,1e-11,1e-11,1e-11,1e-11
173,1e-11,1e-11,1e-11,1e-11,1e-11,1e-11,1e-11,1e-11,1e-11,1e-11,1e-11,1e-11,1e-11,1e-11,1e-11,1e-11,1e-11,1e-11
174,1e-11,1e-11,1e-11,1e-11,1e-11,1e-11,1e-11,1e-11,1e-11,1e-11,1e-11,1e-11,1e-11,1e-11,1e-11,1e-11,1e-11,1e-11
175,1e-11,1e-11,1e-11,1e-11,1e-11,1e-11,1e-11,1e-11,1e-11,1e-11,1e-11,1e-11,1e-11,1e-11,1e-11,1e-11,1e-11,1e-11
176,1e-11,1e-11,1e-11,1e-11,1e-11,1e-11,1e-11,1e-11,1e-11,1e-11,1e-11,1e-11,1e-11,1e-11,1e-11,1e-11,1e-11,1e-11
177,1e-11,1e-11,1e-11,1e-11,1e-11,1e-11,1e-11,1e-11,1e-11,1e-11,1e-11,1e-11,1e-11,1e-11,1e-11,1e-11,1e-11,1e-11
178,19.066036058784217,36.41010870032529,1e-11,"0    0.893011
Name: trend, dtype: float64","0    0.00266
Name: linearity, dtype: float64","0   -0.747298
Name: curvature, dtype: float64","0    0.06189
Name: season, dtype: float64","0    0.023998
Name: peak, dtype: float64","0   -0.015676
Name: trough, dtype: float64",1.1709971261162124,"0    0.000602
Name: lumpiness, dtype: float64","0    6.801103e-09
Name: spikiness, dtype: float64","0    0.0
Name: lshift, dtype: float64","0    0.0
Name: vchange, dtype: float64","0    180.0
Name: fspots, dtype: float64",1e-11,"0    0.739508
Name: KLscore, dtype: float64","0    5.0
Name: change_idx, dtype: float64"
179,1e-11,1e-11,1e-11,1e-11,1e-11,1e-11,1e-11,1e-11,1e-11,1e-11,1e-11,1e-11,1e-11,1e-11,1e-11,1e-11,1e-11,1e-11
180,1e-11,1e-11,1e-11,1e-11,1e-11,1e-11,1e-11,1e-11,1e-11,1e-11,1e-11,1e-11,1e-11,1e-11,1e-11,1e-11,1e-11,1e-11
181,1e-11,1e-11,1e-11,1e-11,1e-11,1e-11,1e-11,1e-11,1e-11,1e-11,1e-11,1e-11,1e-11,1e-11,1e-11,1e-11,1e-11,1e-11
182,1e-11,1e-11,1e-11,1e-11,1e-11,1e-11,1e-11,1e-11,1e-11,1e-11,1e-11,1e-11,1e-11,1e-11,1e-11,1e-11,1e-11,1e-11
183,1e-11,1e-11,1e-11,1e-11,1e-11,1e-11,1e-11,1e-11,1e-11,1e-11,1e-11,1e-11,1e-11,1e-11,1e-11,1e-11,1e-11,1e-11
184,1e-11,1e-11,1e-11,1e-11,1e-11,1e-11,1e-11,1e-11,1e-11,1e-11,1e-11,1e-11,1e-11,1e-11,1e-11,1e-11,1e-11,1e-11
185,1e-11,1e-11,1e-11,1e-11,1e-11,1e-11,1e-11,1e-11,1e-11,1e-11,1e-11,1e-11,1e-11,1e-11,1e-11,1e-11,1e-11,1e-11
186,1e-11,1e-11,1e-11,1e-11,1e-11,1e-11,1e-11,1e-11,1e-11,1e-11,1e-11,1e-11,1e-11,1e-11,1e-11,1e-11,1e-11,1e-11
187,1e-11,1e-11,1e-11,1e-11,1e-11,1e-11,1e-11,1e-11,1e-11,1e-11,1e-11,1e-11,1e-11,1e-11,1e-11,1e-11,1e-11,1e-11
188,1e-11,1e-11,1e-11,1e-11,1e-11,1e-11,1e-11,1e-11,1e-11,1e-11,1e-11,1e-11,1e-11,1e-11,1e-11,1e-11,1e-11,1e-11
189,24.68613344618423,149.24208600558748,1e-11,"0    0.898606
Name: trend, dtype: float64","0    0.001565
Name: linearity, dtype: float64","0   -0.442069
Name: curvature, dtype: float64","0    0.04047
Name: season, dtype: float64","0    0.013785
Name: peak, dtype: float64","0   -0.008633
Name: trough, dtype: float64",0.9184277849930976,"0    0.000271
Name: lumpiness, dtype: float64","0    1.732752e-09
Name: spikiness, dtype: float64","0    0.0
Name: lshift, dtype: float64","0    0.0
Name: vchange, dtype: float64","0    182.0
Name: fspots, dtype: float64",1e-11,"0    0.739467
Name: KLscore, dtype: float64","0    3.0
Name: change_idx, dtype: float64"
190,1e-11,1e-11,1e-11,1e-11,1e-11,1e-11,1e-11,1e-11,1e-11,1e-11,1e-11,1e-11,1e-11,1e-11,1e-11,1e-11,1e-11,1e-11
191,1e-11,1e-11,1e-11,1e-11,1e-11,1e-11,1e-11,1e-11,1e-11,1e-11,1e-11,1e-11,1e-11,1e-11,1e-11,1e-11,1e-11,1e-11
192,1e-11,1e-11,1e-11,1e-11,1e-11,1e-11,1e-11,1e-11,1e-11,1e-11,1e-11,1e-11,1e-11,1e-11,1e-11,1e-11,1e-11,1e-11
193,1e-11,1e-11,1e-11,1e-11,1e-11,1e-11,1e-11,1e-11,1e-11,1e-11,1e-11,1e-11,1e-11,1e-11,1e-11,1e-11,1e-11,1e-11
194,1e-11,1e-11,1e-11,1e-11,1e-11,1e-11,1e-11,1e-11,1e-11,1e-11,1e-11,1e-11,1e-11,1e-11,1e-11,1e-11,1e-11,1e-11
195,1e-11,1e-11,1e-11,1e-11,1e-11,1e-11,1e-11,1e-11,1e-11,1e-11,1e-11,1e-11,1e-11,1e-11,1e-11,1e-11,1e-11,1e-11
196,1e-11,1e-11,1e-11,1e-11,1e-11,1e-11,1e-11,1e-11,1e-11,1e-11,1e-11,1e-11,1e-11,1e-11,1e-11,1e-11,1e-11,1e-11
197,1e-11,1e-11,1e-11,1e-11,1e-11,1e-11,1e-11,1e-11,1e-11,1e-11,1e-11,1e-11,1e-11,1e-11,1e-11,1e-11,1e-11,1e-11
198,1e-11,1e-11,1e-11,1e-11,1e-11,1e-11,1e-11,1e-11,1e-11,1e-11,1e-11,1e-11,1e-11,1e-11,1e-11,1e-11,1e-11,1e-11
199,1e-11,1e-11,1e-11,1e-11,1e-11,1e-11,1e-11,1e-11,1e-11,1e-11,1e-11,1e-11,1e-11,1e-11,1e-11,1e-11,1e-11,1e-11
