Distrito,Mean,Var,ACF1,Trend,Linearity,Curvature,Season,Peak,Trough,Entropy,Lumpiness,Spikiness,Lshift,Vchange,Fspots,Cpoints,KlScore,ChangeIdx
ASUNCION,6.904494488474295,52.39361865572006,0.813519297314191,0.922998772513809,0.00308179644894221,-0.8632622301820294,0.02577979326572688,1.0,-0.0104946591697512,0.5978370007556204,0.00017727152767701277,2.497263121974617e-09,0.010869565217010426,5.250997689286023e-05,172.0,6.0,1e-10,1e-10
FERNANDO DE LA MORA,44.7816150676538,4841.264885319911,0.9371225968063115,0.9583345676468635,0.007501270599959189,0.39151123124494147,0.046909451001700075,1e-07,-0.01090326490526029,0.1698907935538251,7.906014731097882e-05,5.201406812407101e-10,0.18131557883568805,0.010063630834209799,49.0,10.0,1e-10,1e-10
PEDRO JUAN CABALLERO,44.81912961989436,10423.023812209225,0.9285754154592873,0.9628528536657734,0.0041861456001662176,-0.3612886219523047,0.010941943537820964,1e-07,-0.004989162605726759,0.13177959789470292,0.00036060453571985546,5.397935630521834e-10,0.06596209912536544,0.003044543515032092,58.0,2.0,1e-10,1e-10
YBY YAU,18.306890669018784,827.3700705327514,0.7051710402998819,0.8791859354139586,0.003470071271473493,-0.6774425774677812,0.04920487979618504,1.0,-0.018948842012500803,0.5381565174829619,0.00037567185392403175,3.5763451178978372e-09,0.04999999999998582,0.002083333333335395,120.0,3.0,1e-10,1e-10
YPANE,59.67684690499759,11917.26964200588,0.9103048739625795,0.9403256680989287,0.005569205073239869,-0.1540816852659525,0.019642480994282008,1e-07,-0.005024014451373803,0.1524749927432804,8.255672184615253e-05,1.4057104570865397e-09,0.12345921746044113,0.007082626015094203,84.0,4.0,1e-10,1e-10
CAPIATA,49.59497677037321,13835.529163643805,0.9257310188669043,0.9428995105283032,0.004111496469666371,0.4248614580065724,0.02830953674638026,1e-07,-0.008636234913324065,0.0883160387420155,7.244646943940101e-05,1.165179807361034e-09,0.06195843556534287,0.001403477129740267,79.0,4.0,1e-10,1e-10
CAPITAN BADO,8.787959663885617,26.65841712148504,0.020324743296626296,0.7926476384881053,0.0040826583894647914,-1.1493657261236507,0.030983314511971227,1.0,-0.01685594134445874,0.9315582040049435,0.000839001420956611,1.7989735400170928e-08,0.24395574743624754,0.019838135569059407,166.0,10.0,1e-10,1e-10
HORQUETA,15.118765788119084,283.64695311054453,0.7357731371688068,0.8504773482011376,0.009584638753250992,-1.426465739089207,0.022532500068491945,3.0,-0.00950697895110513,0.80496567177172,0.00038998821441540266,6.5518896262002685e-09,0.3214253394637431,0.031875312713415004,74.0,16.0,1e-10,1e-10
BELEN,23.805158423285587,507.0622144071085,0.19781633503425564,0.6492383737459959,0.004621346566815914,-1.1536719693409558,0.02908921602146919,1e-07,-0.025719689399714363,1.024001424876935,0.001070077936705909,2.9417801154453005e-08,0.10250373060779078,0.006724489464654085,142.0,10.0,1e-10,1e-10
CECILIO BAEZ,35.14678819622797,1650.3306772967576,0.3924063003051627,0.7203913734382759,0.001986813300371766,-0.5764946454100289,0.038283078142425486,1e-07,-0.012294674186744339,1.0216512475319814,0.0007963050636597886,1.7977733810113122e-08,0.08159121171765343,0.0022190419431849834,170.0,4.0,1e-10,1e-10
CONCEPCION,37.633134896282954,3709.3719406942873,0.8467197732046218,0.898497578312777,0.006638865957329964,-0.9631488923677833,0.031350237701560535,1e-07,-0.012006231898767868,0.27824114068410954,0.00046589708863802455,7.34308677116527e-09,0.15037882224040686,0.009393475179114503,55.0,4.0,1e-10,1e-10
LAMBARE,46.06408894290325,9098.87983956852,0.9259305273493615,0.9445375835453695,0.00527775711680158,0.8288497113153034,0.03415028922213459,1e-07,-0.00923811769103302,0.10508916655125634,0.00013689792261309907,1.3429883265880143e-09,0.09057001515262583,0.004272345326589337,101.0,6.0,1e-10,1e-10
BELLA VISTA,85.05546764767195,21525.09684933325,0.795696622385534,0.879600360914563,0.003210081408337483,-0.5789489249655239,0.02814381212925987,1e-07,-0.007962072070816282,0.5139250285052778,0.0005689365838839323,3.2662228867795156e-09,0.0389341710930806,0.000867843136067495,125.0,2.0,1e-10,1e-10
HERNANDARIAS,15.277592311121593,893.8250090859783,0.8905446790377214,0.9402029212917737,0.003959979775971503,-0.8264119722542125,0.012754699351870347,3.0,-0.00680877233225813,0.269926085819154,4.166111233897716e-06,7.052585443371976e-10,0.07492840153391099,0.002538087095713745,128.0,4.0,1e-10,1e-10
ITAKYRY,6.252406836512147,83.00885403668907,-0.018599181130303524,0.4527019486819094,0.001513303725675436,-0.39385526249042124,0.02372021499617194,1.0,-0.007274375284381356,0.7014459833746404,0.0016637746095921567,3.1093420051767895e-08,0.04999999999983783,0.0008333333333279271,164.0,2.0,1e-10,1e-10
ITAUGUA,32.53261916112249,4386.911608083207,0.8471604298923862,0.8885770277665258,0.00341501090324989,-0.06681875287776867,0.05903356283771943,2.0,-0.01226257989638802,0.15275536026301986,0.0006617371748091943,3.348690132376199e-09,0.07640083260719745,0.0016032490827346652,80.0,4.0,1e-10,1e-10
CORONEL OVIEDO,10.464480412476068,157.29251347522882,0.8497854117937427,0.927605789571873,0.0065954205904065555,-0.8517952436914084,0.0826497076001671,4.0,-0.018946944314744127,0.40742397259349744,0.00021349416166740502,8.790073455678834e-10,0.16860761027334226,0.010837137450911104,86.0,6.0,1e-10,1e-10
LOMA PLATA,8.490013180503512,8.446755587949523,0.03308655529798803,0.8983122279983624,0.002441615066547522,-0.7350892507385121,0.023018271199402474,1e-07,-0.009503356676401481,1.5040773967762742,0.00040089378291536403,4.5795963039667734e-09,1e-07,1e-07,183.0,5.0,1e-10,1e-10
LUQUE,36.008476399680625,5016.280976362708,0.9005793835020991,0.9165476036959729,0.005396158934840623,0.5398380074199145,0.04444702499065878,1.0,-0.010165540234496524,0.11595988109486834,6.26632513730571e-05,2.562072921496307e-09,0.10387488328665041,0.004071979857999389,82.0,10.0,1e-10,1e-10
MCAL. ESTIGARRIBIA,6.753023393381322,25.337068377970187,0.1632690164152971,0.7674966585791932,0.002577600506922232,-0.726278375200967,0.015607504785417281,1.0,-0.010082746533882494,0.7221347174331976,0.0003321719136650308,9.63236893188794e-09,0.1666666666663033,0.009259259259218887,171.0,2.0,1e-10,1e-10
MINGA GUAZU,6.040492576945059,56.33081092420297,0.6573411469963544,0.8239555295473835,0.005448438040263394,-1.2060737177788554,0.025829420696634298,3.0,-0.017252047481431984,0.5070803010358287,0.00037458624627251794,8.111376060032843e-09,0.12500000000003575,0.00868055555556052,122.0,8.0,1e-10,1e-10
PIRAYU,24.23774636600347,526.0997036249656,0.5170409034371631,0.7902543375148212,0.005507635481841015,-1.1757925643520162,0.042116786196848444,1.0,-0.017379005936524472,0.8183103235139514,0.00040312796921174177,8.164939499118195e-09,0.1546805367783413,0.009637188208618353,128.0,8.0,1e-10,1e-10
SAN ALBERTO,27.248615047289576,680.7057885889268,0.7261804386548639,0.9167301279487245,0.0023040572272914743,-0.6857873067265006,0.02531032239687714,1e-07,-0.007028133021871862,1.0296194171811581,0.0002056441997470655,1.827445192657268e-09,0.022691249153419985,0.0020595711525703327,175.0,3.0,1e-10,1e-10
VILLA ELISA,81.68557296301,25418.941689314386,0.8809907483562595,0.9136446386093883,0.005358969629800997,0.07900709995312587,0.001388009565387538,1e-07,-0.0029221716125829842,0.11332868530700312,0.001055639015868736,3.524496995692601e-09,0.13386646587336348,0.009147517323722801,71.0,8.0,1e-10,1e-10
YAGUARON,16.718993171387524,586.3780747557452,0.6842789754485591,0.8218655041790721,0.0032030589111463944,-0.5057901734952206,0.01353911945933306,1.0,-0.007505419289688443,0.5245244681241525,0.0006736992805083264,5.405566517943716e-09,0.07608695652174413,0.0016146817895402225,121.0,4.0,1e-10,1e-10
YPACARAI,134.4797907955767,65668.85803550134,0.8942712199000128,0.9373645196986475,0.003308009674005977,-0.41607686169840785,0.0293003222431365,1e-07,-0.008055436123678988,0.24281031827460542,8.606223020602279e-05,1.8282909773638262e-09,0.06000187190865125,0.0017729989419200112,114.0,2.0,1e-10,1e-10
CAACUPE,19.979874184441755,959.2943307086204,0.8433666562789119,0.8996920055160054,0.0054548338977363445,-0.25387105027097073,0.01285010642144846,2.0,-0.008648135693394107,0.20852619540246,0.0002555943073770339,3.8683167183918194e-09,0.131681981473792,0.005579855411697769,72.0,6.0,1e-10,1e-10
EMBOSCADA,14.014338872835737,127.20158301798772,0.4754295839063141,0.8278066093652809,0.005846690788455217,-1.3233449962704573,0.020470401170945896,1.0,-0.011011204515497265,0.7123785424878329,0.00041231895009697137,8.819931966088345e-09,0.16666666666651087,0.012345679012329497,135.0,8.0,1e-10,1e-10
ITA,28.95357486194796,2978.8085409505325,0.8579289987235552,0.8933553680205284,0.0037526989875563866,-0.23955462896180338,0.04835029032255511,2.0,-0.008801647331028515,0.20386520362940494,1.239213322191621e-05,3.4096491404323574e-09,0.06714876033055127,0.0018370216059913462,99.0,4.0,1e-10,1e-10
LIMPIO,24.229852214012492,2169.9531964229254,0.8822530536183111,0.9120928585990787,0.0051115520481964626,0.3109916503607696,0.008877021321860523,3.0,-0.00389921924490399,0.18736644342491043,0.0005037572034635849,2.8672423068563595e-09,0.1329919461422367,0.004973175418591267,54.0,2.0,1e-10,1e-10
MARIANO ROQUE ALONSO,43.3660309316233,5846.75085507771,0.8971743842744443,0.9288301895834832,0.007832119773219405,0.5416366874955314,0.05158041981770067,1.0,-0.02080608224952312,0.17267393670965045,0.0003168271407374477,2.87450762722243e-09,0.2644538789378561,0.028281839104951433,63.0,10.0,1e-10,1e-10
SAN LORENZO,38.677101844051435,5239.960848531225,0.93991038342324,0.9504751685044625,0.006919768213391588,0.7140843584274714,0.0218708103402796,1.0,-0.006899910805511762,0.16449279530100563,7.368839314801111e-05,1.3138205493432102e-09,0.10602037652719794,0.004360034056780489,31.0,4.0,1e-10,1e-10
VILLETA,28.85509797807592,2152.730535858671,0.8324046407290995,0.8962669056545675,0.003413412723862175,-0.4359696158465065,0.017677502445352045,1e-07,-0.003931729716677854,0.2110146512653741,9.039443209127627e-05,2.804866621061292e-09,0.075520833333336,0.0020887586805557043,115.0,2.0,1e-10,1e-10
GUARAMBARE,56.00594531348749,12060.094739884958,0.9286771643966053,0.9551155782888487,0.0033585751261217193,-0.4841673073124767,0.015162098281696568,1e-07,-0.00580392950564754,0.20760141627435974,0.0003988337649561673,9.067992637519421e-10,0.028982663480419564,0.0009010511222570287,124.0,4.0,1e-10,1e-10
J A SALDIVAR,41.862476860693874,6984.509959302567,0.8959069720648285,0.9288083649849901,0.004524932718250486,-0.2802072210750345,0.0100794045255852,1e-07,-0.007230714125463529,0.20558160119371052,9.457770163429221e-05,2.1720536392069673e-09,0.04717597108931866,0.0008713228377150298,100.0,4.0,1e-10,1e-10
SAN JOSE DE LOS ARROYOS,16.398142484194903,244.52857060424117,0.40126952706377994,0.7581595281091641,0.0030267642689699088,-0.830380628409891,0.020724640633649094,1e-07,-0.009416711835301435,0.9315582040049435,0.0013122400517210705,1.5834712890120838e-08,0.09115967806904678,0.002754820936629747,166.0,6.0,1e-10,1e-10
CAAGUAZU,9.961976126898795,444.09272589242266,0.9310255192974297,0.9648936200749667,0.0035245837302308497,-0.23138302514071085,0.019757849235083946,3.0,-0.006082745066498306,0.0918461549265071,6.685758846612751e-05,5.920022198163257e-10,0.03947368421052982,0.0005653230821415444,99.0,2.0,1e-10,1e-10
JUAN LEON MALLORQUIN,11.691628749628938,150.12158121293538,0.4742418296340492,0.7684030365438925,0.0017976402477311538,-0.5057724621124206,0.017464927024694155,1e-07,-0.008532752653683008,1.1526795099383855,0.00010692168684887998,7.603699985619283e-09,0.08333333333317258,0.002314814814805884,174.0,2.0,1e-10,1e-10
LORETO,32.73990259832993,2288.972919934151,0.7122840988503162,0.8465887203056556,0.003966538235486183,-0.9389814019341487,0.034984542975911026,1.0,-0.014393186674788084,0.2819438090787422,0.00035071664039076266,5.238332040692877e-09,0.06430307794485707,0.0021870470522617445,130.0,6.0,1e-10,1e-10
NUEVA ITALIA,38.13536142830371,2520.4580773843245,0.7324612235851172,0.866371648171641,0.00423316203548142,-0.732817090051457,0.03221874715745643,1e-07,-0.008106467449813245,0.4537352116941142,0.0003520088000634747,2.239871554432645e-09,0.0703125000000025,0.003906250000000274,123.0,2.0,1e-10,1e-10
VILLA HAYES,41.999061155703465,5830.035209591807,0.9358270666538903,0.9581447967814998,0.006059957413525156,-0.39260594630892665,0.023607739289272622,1e-07,-0.007396886522346782,0.10406743346641044,7.74034886859071e-05,2.549060309743903e-09,0.1527777377913462,0.008922155784616371,93.0,4.0,1e-10,1e-10
ACAHAY,11.050041907965708,69.08658019758604,0.28507088914761636,0.7856982984839338,0.003610913137078872,-0.98964311610735,0.007644542179755409,1e-07,-0.009257696197963777,0.7331525151736444,0.001356181228496427,1.9703361373167615e-08,0.16611954165353915,0.009198567373060644,162.0,6.0,1e-10,1e-10
CARAPEGUA,14.966318593287815,331.4238340319133,0.6996824276834862,0.8569295418175786,0.00355136937134933,-0.6906016184273394,0.03186212712805714,1.0,-0.01203341899998018,0.6560434303565681,7.002318503898586e-05,3.7277396603943575e-09,0.06944444444442681,0.0028292181069964374,132.0,4.0,1e-10,1e-10
CHORE,16.614233855721725,190.57641570779606,0.37351858500579954,0.7969385661246924,0.004010721072901265,-1.0366716084352516,0.004792443069221219,1e-07,-0.007722483728078958,0.8391010931830252,0.00034814868955812035,1.0081401453969895e-08,0.11111111111096725,0.004115226337437905,155.0,8.0,1e-10,1e-10
ENCARNACION,2.618324915899284,5.896814683631122,0.5946897489251071,0.8096604363265546,0.006444174863678057,-1.057265262834988,0.08206930307147176,9.0,-0.022014463884498722,0.7151953177817079,0.0010532655491578811,6.341538873481066e-09,0.16176470588246844,0.008601502606661553,100.0,6.0,1e-10,1e-10
FRAM,12.421233814926387,12.23745941928648,-0.11443974958384374,0.9214773337340482,0.0017388716374202265,-0.5259552212226448,0.00869289679642471,1e-07,-0.00484138650010754,0.7419373447293773,0.00026289773221348564,3.0872115814270083e-09,1e-07,1e-07,184.0,2.0,1e-10,1e-10
JOSE DOMINGO OCAMPOS,18.790486842301178,199.60359597630105,0.06900939234909469,0.9448932270327852,0.0007900306321160387,-0.24035359607371476,0.00717108299463054,1e-07,-0.0028743958197955137,1.3862943611198906,0.0007746057111085807,1.7908550502150066e-10,1e-07,1e-07,185.0,1.0,1e-10,1e-10
JUAN E. OLEARY,5.76425663507982,5.764241853497645,0.22390180596511536,0.8876693898023625,0.0028066265758977206,-0.8162594315237317,0.03641006670205904,1e-07,-0.01174955698555046,0.24512245803298496,0.0002813502548941,6.949799775114399e-09,1e-07,1e-07,177.0,4.0,1e-10,1e-10
PARAGUARI,32.608496139820204,1730.4137389524096,0.8553913237402754,0.9235063719953494,0.004550652109300989,-0.7708812644183751,0.04535045499809065,1e-07,-0.009201152124966177,0.5507928841730565,8.40059181555472e-05,1.72446911303552e-09,0.13207547169811917,0.006496974012104547,117.0,4.0,1e-10,1e-10
REPATRIACION,15.836515113581491,298.42780066287855,0.6634461667647762,0.8769492814996538,0.003207155662996718,-0.8061007707235041,0.016470827373789576,1e-07,-0.008436049552092246,0.2876820724517809,0.0003365633012338376,8.571639656851768e-09,0.05434782608689283,0.0012602394454908606,154.0,5.0,1e-10,1e-10
SAN ANTONIO,50.56244915845799,6361.907890002069,0.839218551901239,0.8902272157690326,0.004869505097092216,-0.2274115264779496,0.01971516234894799,1e-07,-0.007894057142983864,0.18800030098595974,6.885749321060229e-05,4.976448168274772e-09,0.16597427434707518,0.007928606502550511,80.0,6.0,1e-10,1e-10
SAN JUAN NEPOMUCENO,3.349292241777087,0.8477325531384257,-0.09213559391418716,0.9563242133728268,0.003766758462873173,-1.0905607753218376,0.007758781893794753,1.0,-0.0028822311397810737,0.2876820724517809,0.0001416618441367006,2.3647478811349255e-09,1e-07,1e-07,174.0,3.0,1e-10,1e-10
SANTA ROSA,7.5741276396282835,10.373201192397293,-0.015751673033079623,0.8414896824359273,0.003045847779233769,-0.8871781309691719,0.013135976456578824,1e-07,-0.008697228571669583,0.8472978603872037,0.002314880388596357,1.7477735547675143e-08,1e-07,1e-07,176.0,8.0,1e-10,1e-10
LOMA GRANDE,59.15722753395617,2043.5646371329346,0.08361612756053671,0.7049693523492321,0.0027933705560361727,-0.7632005396205448,0.02946525062062788,1e-07,-0.017908914020252194,1.0296194171811581,0.0008881782128962486,1.6361689691506695e-08,0.12499999999996321,0.005208333333330278,164.0,4.0,1e-10,1e-10
SAN BERNARDINO,20.10123309817447,213.80244898873454,0.438923780505525,0.8464735060180296,0.006460284080129113,-1.4925158232959141,0.03906346760288726,1e-07,-0.015004110311113653,0.6190392084062235,0.0004415074419226734,6.340562262333366e-09,0.21875000000003098,0.015625000000004413,134.0,14.0,1e-10,1e-10
SAN ESTANISLAO,19.676787409642422,520.5322635702453,0.6162891940388363,0.8212761847763043,0.0035886628344270408,-0.7295026164266802,0.004213154139912634,1e-07,-0.00254727157791271,0.5270861446377709,0.000508543389638448,4.41243564878222e-09,0.06733228775743164,0.002066115702476137,135.0,2.0,1e-10,1e-10
AREGUA,63.290309778729,17716.431126139985,0.9035190293694079,0.9303370144541807,0.003463210208736267,-0.2256612600884945,0.03670882586130231,1e-07,-0.01007121165613663,0.15965359802448856,7.740717582620716e-05,1.7139360532786606e-09,0.03447375660374718,0.0007431798282045619,102.0,4.0,1e-10,1e-10
ARROYOS Y ESTEROS,11.363788615491838,101.8776716169562,0.43513622428632676,0.7497348601485776,0.005032388373456975,-1.173065941873218,0.007915665554678708,2.0,-0.006123454673617074,0.8002918180112729,0.0007082005266233164,1.3735211770063232e-08,0.1136363636361761,0.0029544890772700925,142.0,10.0,1e-10,1e-10
EUSEBIO AYALA,13.559016719883532,160.81460652493212,0.11060287493491401,0.6564953423412069,0.0044542655493715055,-1.0728990831812109,0.04259187305869383,1.0,-0.019434746957230065,0.8671004876833833,0.0013903487461710115,2.695550763999362e-08,0.08928571428572851,0.005102040816316822,140.0,8.0,1e-10,1e-10
ITACURUBI DE LA CORDILLERA,22.963365907454158,315.82678333864106,0.5683521772280765,0.8664936612619146,0.005217693118198147,-1.2901097562334942,0.010107169673619798,1e-07,-0.009205124188497088,1.1370785694959058,0.0002309618568089182,4.880011190993683e-09,0.10003580379515761,0.0033357206803181472,141.0,6.0,1e-10,1e-10
LA PALOMA,40.0385067890968,979.7708549885439,0.7682935636899177,0.9309781553907217,0.0042937865258300114,-1.1344324961181274,0.037326280363955355,1e-07,-0.013404421062368466,1.6094379124341003,0.00010771303915928812,1.5252553575307238e-09,0.12499999999992661,0.003333333333328304,164.0,4.0,1e-10,1e-10
MINGA PORA,12.349847543971125,53.0168189789149,0.06037796379978374,0.8143447714022978,0.0014699277225964733,-0.4422773729756377,0.029740910199729687,1e-07,-0.010534401715018623,0.40546510810816444,0.0007273731654097206,6.273550815044271e-09,1e-07,1e-07,184.0,2.0,1e-10,1e-10
PILAR,5.819469360972569,13.72152517244383,0.5266532812999271,0.8774746322182858,0.006588597511672217,-1.4746233856633497,0.03965162199065697,5.0,-0.01287965893268133,0.8538295622504187,0.00019406161664947555,4.516022818386715e-09,0.24999999999960168,0.027777777777718796,137.0,10.0,1e-10,1e-10
SALTO DEL GUAIRA,25.81165584048853,996.0184704803331,0.7902509241747071,0.9052647052078309,0.003670311085042491,-0.8696176806467308,0.03742097296383362,1e-07,-0.010738153651292244,1.0704414117014134,0.00023810766281068862,1.7034384299676941e-09,0.05058016911651032,0.0017606274881518294,148.0,4.0,1e-10,1e-10
SAN PEDRO,5.4460462660922815,27.083131508051135,0.5504792201377954,0.8025140467851681,0.0029070548023068738,-0.7913585324241268,0.03696545040271981,2.0,-0.01258351161504607,0.8266785731844679,0.00034382327820314974,5.166309984435983e-09,0.10948114729079307,0.003983015991450561,157.0,2.0,1e-10,1e-10
VILLARRICA,21.542761011261,843.2326491229297,0.8387018020583641,0.9104755262146746,0.0059849037017656115,-0.9408904266269718,0.022647690920714836,1.0,-0.008952234323716246,0.24729027798118067,0.00043603657022141533,9.598580457873439e-09,0.17991277984379664,0.012913836347433207,115.0,8.0,1e-10,1e-10
ALBERDI,25.93571561285461,424.0084839610445,0.14092789762630134,0.814141752964654,0.001960325839895126,-0.5655165549761437,0.020467046429850755,1e-07,-0.0045559364257648114,1.2992829841302609,0.0004327049453889848,6.909503699898578e-09,1e-07,1e-07,175.0,3.0,1e-10,1e-10
CAMBYRETA,4.017561081910941,4.92273134468201,0.3088417870554933,0.8603218995735057,0.005625479113459188,-1.4681417775345051,0.02848931837003399,1.0,-0.01220930533711186,0.5897688261061101,0.000591107426850163,9.362663508518337e-09,0.19999999999926021,0.013333333333234719,154.0,12.0,1e-10,1e-10
NATALIO,5.192266328011899,2.000377678738073,-0.13740284640765071,0.9292077725775981,0.0018488481605081354,-0.5574988810596615,0.019355916094550896,1e-07,-0.006508768355947127,0.7419373447293773,0.0002772955219953872,2.8350992106634248e-09,1e-07,1e-07,184.0,3.0,1e-10,1e-10
NUEVA ALBORADA,13.329410985168444,0.030617279918011817,-0.9999999999999999,0.9215812166619686,0.00020346193094605158,-0.06306287102680952,0.01253986987426925,1e-07,-0.005123977105805429,1e-08,0.0020406177694015136,2.4459880579089674e-09,1e-07,1e-07,192.0,1.0,1e-10,1e-10
OBLIGADO,6.764137953832148,0.04156692548990647,0.7162116572531763,0.9623792183103331,0.0023483702092199207,-0.7147698616968123,0.02162369889206095,1e-07,-0.007166561217011511,1e-08,6.973307563292352e-66,3.795582903841541e-09,1e-07,1e-07,186.0,1.0,1e-10,1e-10
SAN JUAN BAUTISTA,18.32559883562404,184.24842560003356,0.00762159888000975,0.6905607936053584,0.005097942866814941,-1.2211240086975659,0.028352740099524487,1e-07,-0.023795008162037765,0.7926767759069784,0.0016298713920290932,3.6200002371033095e-08,0.14285714285701456,0.0068027210884231545,145.0,10.0,1e-10,1e-10
SANTA RITA,5.8792455830776795,18.48509663962757,-0.13317824875676534,0.7345660897133648,0.0016677319764528678,-0.4911840100500843,0.011834924929566282,1.0,-0.0052719957767918225,0.496436886313891,0.0009287256139741757,1.7939998641346825e-08,1e-07,1e-07,177.0,2.0,1e-10,1e-10
TOBATI,13.264529663461532,198.39349955547934,0.6180658806029552,0.8380903245735736,0.0038839778875090192,-0.9626144944835928,0.005873575101282502,1.0,-0.0060942077351744,1.270462545594769,0.0004004969425046234,6.259184285849772e-09,0.08333333333318181,0.004886831275714127,150.0,8.0,1e-10,1e-10
MBOCAYATY,19.97459446824266,258.6365191178099,-0.07736906402079141,0.6539649222911175,0.0020116087743592276,-0.5859582218594587,0.008590658574022636,1e-07,-0.009142256231943173,0.496436886313891,0.00079057970110108,1.9438491138145296e-08,1e-07,1e-07,174.0,4.0,1e-10,1e-10
PIRAPO,15.98178839866639,31.37972076262616,-0.6947063642156805,0.8928843795718492,0.0010802782869306746,-0.3312695758344524,0.028102668778079543,1e-07,-0.007929320327143006,0.6931471805599453,0.00026344309264433305,4.472456541874239e-09,1e-07,1e-07,188.0,3.0,1e-10,1e-10
SAPUCAI,22.79476185871039,139.23697109575195,-0.3431580396248077,0.8067142785754239,0.0038222090113194497,-1.0710274104221482,0.040950114187930486,1e-07,-0.015257444647422068,1.1592369104845446,0.0003045516257994585,1.1121073885338046e-08,0.24999999999987477,0.02083333333331246,167.0,11.0,1e-10,1e-10
TACUATI,15.375095745751302,16.958058989555166,-0.21285440198517228,0.9278770340132109,0.001673951999760268,-0.5070584054949208,0.019816274746426665,1e-07,-0.006612465802182446,0.8472978603872037,0.0001371474773423127,2.7200551984063207e-09,1e-07,1e-07,185.0,1.0,1e-10,1e-10
CAAZAPA,6.458934190931187,22.55076405965842,-0.0003810074383767446,0.6893285556669959,0.003864798568323391,-1.0307902777098632,0.019685872232936275,2.0,-0.018191639804679128,1.0683985100716131,0.0011226615146559121,2.167786660322757e-08,0.16486374307654927,0.00906001792707016,157.0,10.0,1e-10,1e-10
CURUGUATY,15.985638342634088,417.0237518800077,0.7793712410289251,0.8857352083826835,0.004390726644921808,-0.8328722742204634,0.029375193778209407,1.0,-0.008879986903397774,0.5851993413371681,0.00029815772715732655,5.25127939851434e-09,0.07547169811321455,0.005221312448084511,121.0,4.0,1e-10,1e-10
PUERTO PINASCO,99.88390299977935,27780.658142708962,0.17062749273623662,0.6293378396222624,0.0005161738964180871,-0.1581865607980602,0.018260780043858893,1e-07,-0.005760543507687423,1.0986122886681098,0.0011328440094293694,1.9718152411157185e-08,1e-07,1e-07,190.0,2.0,1e-10,1e-10
TEBICUARY,63.541147962333696,2627.2947647091823,0.19961712505747675,0.7397557412252178,0.0016327692823341687,-0.47565876875886276,0.015655188916849916,1e-07,-0.006628664124593961,1.3350010667323402,4.776618169540179e-05,1.1997124875934919e-08,1e-07,1e-07,177.0,2.0,1e-10,1e-10
CORONEL MARTINEZ,29.830303222341076,66.56559216382404,0.3926438096943566,0.9861047992023457,0.002813327379770318,-0.8523108249629848,0.00888376310908845,1e-07,-0.002967604629778225,0.5108256237659907,0.00011466719232852155,2.8739406690775305e-10,1e-07,1e-07,184.0,1.0,1e-10,1e-10
SAN LAZARO,20.915748279998144,136.34223852104057,-0.2920477912223049,0.8093551563591262,0.0011502486665958271,-0.35119660177242273,0.029427732032772047,1e-07,-0.011008562748475339,1e-08,0.001528761936862022,1.1330297508616057e-08,1e-07,1e-07,187.0,3.0,1e-10,1e-10
ATYRA,16.404455352599076,280.7475467949389,0.5130236769264421,0.7484907107366423,0.004703310847796275,-1.0300023029545504,0.036341366137882525,1.0,-0.011951518473558152,0.616029877215514,0.0010724262701081184,1.2780720212485395e-08,0.11538461538450698,0.007889546351074177,132.0,6.0,1e-10,1e-10
ALTOS,33.5973353208671,1510.0277724266198,0.5759511881455026,0.8279334413182394,0.003996123319406088,-0.8567283770237634,0.026720566283844893,1e-07,-0.008720028547300406,0.5217249142240263,0.0001620380911236697,4.354901366592444e-09,0.09615384615379881,0.0033284023668619035,134.0,6.0,1e-10,1e-10
PIRIBEBUY,18.435954396284277,360.46820195950414,0.7906049129623649,0.9174145862421482,0.006035254516819785,-1.311788245112211,0.014000341815671669,1.0,-0.006517018073027902,0.5395482248846135,9.780887492909195e-05,2.1991015203845684e-09,0.16140452798934413,0.010482228831783917,138.0,6.0,1e-10,1e-10
AYOLAS,9.351979984382822,24.12571719942788,0.24831940970311356,0.8649762394379683,0.003774079223682787,-1.074655083128436,0.016075417021622518,1e-07,-0.0057342349475857195,0.916290731874155,0.0003743388323496866,6.634621070869446e-09,0.24999999999967,0.020833333333278328,170.0,6.0,1e-10,1e-10
BENJAMIN ACEVAL,22.075410519903308,460.9998174630674,0.6139253812670984,0.8452648824963923,0.004510507399412403,-1.0974986672238956,0.00853568157411111,1.0,-0.007523693516125484,0.6121781180262782,0.00030998130759945255,5.151928287344787e-09,0.08699327515207357,0.006944444444437336,142.0,6.0,1e-10,1e-10
QUIINDY,13.613356645181772,140.0408746605627,0.3801384307081419,0.7964984277492714,0.004185494150657156,-1.102555254346755,0.008662262516432206,1.0,-0.008723729090449191,1.052092273033217,0.000659301110265925,1.0237920662063652e-08,0.0824191178818227,0.002289681168922384,150.0,8.0,1e-10,1e-10
GENERAL MORINIGO,16.171851595742122,0.009223901913710156,-0.06250000000001384,0.936142242541612,0.0012237956675719582,-0.37641098052067506,0.021263230914723485,1e-07,-0.007852101569128847,1.0986122886681098,1e-07,4.903800263376507e-09,1e-07,1e-07,189.0,1.0,1e-10,1e-10
VALENZUELA,18.56466703349882,39.661492638471586,-0.28024226369630073,0.8868798651722107,0.0041135283043441835,-1.2000318521537405,0.04269742318699099,1e-07,-0.015035397301636812,0.7108467576593462,0.0006072922279201032,9.423083096753443e-09,1e-07,1e-07,175.0,8.0,1e-10,1e-10
YGUAZU,18.45973162470637,202.29255323867585,-0.10833732963189663,0.6529227446763104,0.0006207087110954628,-0.1907432960583599,0.02184923952753648,1e-07,-0.006239232266817387,1e-08,0.0009283950617292023,1.4959737600607593e-08,1e-07,1e-07,189.0,2.0,1e-10,1e-10
NUEVA ESPERANZA,19.96730707468777,358.06789147768205,0.542187810243392,0.8283944219459469,0.00228654544524626,-0.6643142885326865,0.030730765545238237,1e-07,-0.009648027138191632,1.0775588794702773,0.0008732556130308765,5.978557045034507e-09,0.09685990338153387,0.0031272802943600243,171.0,4.0,1e-10,1e-10
CAPITAN MIRANDA,9.15775302674622,3.4054363065939186,-0.19545240741835765,0.9438163433620762,0.0034012519930464204,-0.9953628796924401,0.025093844026990997,1e-07,-0.0067243017543838065,0.16833531481921477,0.00013515265504453097,5.253267810616819e-09,1e-07,1e-07,177.0,3.0,1e-10,1e-10
FUERTE OLIMPO,28.196092186647636,63.7863621317523,-0.17276095140772033,0.911257929460119,0.0016371612453259811,-0.4968562164364051,0.0371728666595208,1e-07,-0.006665241257933559,0.916290731874155,1.1921799287735345e-11,2.849805208242184e-09,1e-07,1e-07,185.0,3.0,1e-10,1e-10
MBARACAYU,15.099337393312972,28.975131416104546,-0.24665687262768438,0.9636265742421356,0.00025791077173571513,-0.07978663079525052,0.019339273709250926,1e-07,-0.0032194288072859194,1e-08,0.00013855924497669695,1.8858816181012075e-10,1e-07,1e-07,191.0,0.0,1e-10,1e-10
NANAWA,64.04134078447048,4392.406679452426,0.31712171847852977,0.7437122346859046,0.0021164884877605114,-0.5883424943287627,0.01850353112690095,1e-07,-0.007379410432554495,2.0794415416798357,0.00048196499604434166,1.0060468468503888e-08,0.058823529411732786,0.0011534025374843311,170.0,4.0,1e-10,1e-10
NARANJAL,25.193182535266214,201.80270052200774,-0.25268895785353446,0.983934030455069,0.0001907026632439628,-0.059014802089424306,0.01676988825549508,1e-07,-0.0019655309679003138,1e-08,2.8386765414273384e-05,3.343486995466781e-11,1e-07,1e-07,191.0,0.0,1e-10,1e-10
KATUETE,41.013136163650074,1225.1231865869568,0.6153902157352984,0.8744841584436611,0.0039630340664682595,-1.077318779971768,0.025022771528308452,1e-07,-0.01318192713541297,1.252762968495368,0.00012285069885749597,5.80851946438818e-09,0.09999999999992537,0.0033333333333283584,165.0,8.0,1e-10,1e-10
SAN PEDRO DEL PARANA,3.056536981325148,0.00028326296258348807,0.7070589677211788,0.9724670969336954,0.004039484279913384,-1.2098980020601093,0.021236357756043156,1e-07,-0.00784623431146646,0.3364722366212129,1.7876488428091238e-12,4.8822843720717264e-09,1e-07,1e-07,182.0,1.0,1e-10,1e-10
CARLOS ANTONIO LOPEZ,7.173755925799034,6.312639590766421,-0.6296662384808073,0.9011790125984346,0.0021995011409439145,-0.6637812072185452,0.016072061554351702,1e-07,-0.009762285542092942,0.916290731874155,0.00040119433012119715,6.058654023328762e-09,1e-07,1e-07,184.0,6.0,1e-10,1e-10
EDELIRA,4.120006109644088,6.6561221469032626e-06,0.8597708195664269,0.969897166306215,0.0036889508286659044,-1.1093299403075467,0.02088912674932486,1e-07,-0.0078018796678404195,0.8472978603872037,0.002253179927838313,5.180880298294874e-09,1e-07,1e-07,183.0,1.0,1e-10,1e-10
HOHENAU,8.700956262802237,6.1121872248851865,-0.19290168423668017,0.925353268100443,0.0032277793435723737,-0.9501530452871202,0.02452358050588832,1e-07,-0.009072019741342193,0.6257058997644128,0.0002416138051993353,4.8128102368153686e-09,1e-07,1e-07,178.0,3.0,1e-10,1e-10
SAN IGNACIO,5.540997839831271,12.158679448312673,0.24933196692872678,0.8299263030810226,0.00307409068691321,-0.8608737019598409,0.00984274847243305,1.0,-0.005867021932340071,0.8754687373538999,0.0007779234165813726,1.0683950370836962e-08,0.1999999999995138,0.013333333333268504,170.0,4.0,1e-10,1e-10
ABAI,4.330970552212669,2.2962912793389734,0.10164156546688505,0.886004681040598,0.0018938057728073434,-0.5722617150600884,0.026339775600672577,1e-07,-0.008059608345270256,0.8472978603872037,0.0002640459186431939,7.821358006920887e-09,1e-07,1e-07,185.0,3.0,1e-10,1e-10
CAPIIBARY,12.459583331609053,71.90865740249798,0.25548987326807304,0.8358151719463487,0.0028289125315817927,-0.8408319957294471,0.028715651737976744,1e-07,-0.012237556133989504,1e-08,0.0015594268412129897,1.832831224594608e-08,1e-07,1e-07,178.0,4.0,1e-10,1e-10
CARAGUATAY,16.565883338088685,144.5608769321806,0.25360641251071064,0.7865399010026146,0.003756242304237616,-0.9931562164684138,0.05701245737520155,1e-07,-0.0196274979426719,1.289667525430819,6.700840766019298e-05,1.279933671689295e-08,0.1388888888887626,0.011316872427970567,154.0,4.0,1e-10,1e-10
CORPUS CHRISTI,17.822533023572706,98.88875329070906,0.19933123317545515,0.8271022820082415,0.0030094766290952152,-0.8541198289857048,0.003654610399827396,1e-07,-0.003717409704351883,1.0704414117014134,0.00035324661170447113,8.882973630274718e-09,0.19999999999984616,0.01333333333331282,171.0,6.0,1e-10,1e-10
RAUL ARSENIO OVIEDO,8.940615386611105,26.91949978020211,0.036549398398379354,0.9324468906968533,0.001593695166991245,-0.4752983872291928,0.02734575686852292,1e-07,-0.0055581521566510006,0.7472144018302211,0.0004453549035190617,6.178596861889281e-10,1e-07,1e-07,180.0,1.0,1e-10,1e-10
TOMAS ROMERO PEREIRA,6.291759430315719,47.12384940671569,0.2860788287294954,0.6878537050787266,0.001481912131312355,-0.4185667499608483,0.022576580927527345,1.0,-0.007164496264259001,0.4340384805522204,1.2636693688504119e-05,1.526484342614812e-08,0.09090909090884441,0.002754820936624179,176.0,2.0,1e-10,1e-10
TRINIDAD,23.52959242436657,281.3170649697823,-0.39281490133459057,0.8744395129033559,0.0006414207553349886,-0.19719688873149774,0.014561469782093273,1e-07,-0.005474273021231729,1e-08,0.0007213646135677128,6.598266979288582e-09,1e-07,1e-07,188.0,2.0,1e-10,1e-10
YEGROS,14.935316455847689,0.006970204189724008,-0.1111111111111152,0.9222154731123023,0.0008237646122567096,-0.2541086366981155,0.021057498449004175,1e-07,-0.00784702641138523,1e-08,6.214499257662082e-11,4.866428913729584e-09,1e-07,1e-07,190.0,1.0,1e-10,1e-10
CARAYAO,17.162957228697998,241.72440511165976,0.3532879968966062,0.7651125540223838,0.003084047086209275,-0.8724853576470307,0.027449279731298515,1e-07,-0.0160267506518467,1.2039728043259361,0.0016949321450907895,1.2413810154553208e-08,0.09999999999986098,0.0033333333333240667,169.0,8.0,1e-10,1e-10
CORONEL BOGADO,6.107442242431663,6.446665621090218,0.13460466084714465,0.889211069327694,0.0033784872751823317,-0.9656434271821857,0.015203484648309562,1.0,-0.006181568906892027,0.3491842722095748,0.00029947238605997696,5.199047923255193e-09,0.33333333333288406,0.03703703703693722,172.0,6.0,1e-10,1e-10
DR. MOISES BERTONI,18.628912071535023,1e-07,1e-08,0.9842792802909235,5.1912477239714585e-05,-0.016120573843795533,0.015652557319213778,1e-07,-0.001953125,1e-08,1e-07,3.203434507512446e-11,1e-07,1e-07,193.0,0.0,1e-10,1e-10
ESCOBAR,13.466354741089523,17.976107255586577,-0.20736622419633854,0.8960929855365455,0.004055532165188353,-1.1834580805046828,0.010483677160541216,1e-07,-0.006606553883554888,0.665748206371831,0.0004014474886847948,8.463173164939804e-09,1e-07,1e-07,175.0,5.0,1e-10,1e-10
GENERAL FRANCISCO CABALLERO ALVAREZ,9.126585744273067,1e-07,1e-08,0.9207358152803534,0.00020749369899198956,-0.06431170729217896,0.012517692852068718,1e-07,-0.005208333333333334,1e-08,0.00226658950617284,2.623633506520475e-09,1e-07,1e-07,192.0,1.0,1e-10,1e-10
GUAYAIBI,16.187631771806778,241.715539247042,0.5360315697954501,0.8140412219667702,0.0026687292488843184,-0.7067015351901811,0.04405978347849948,1e-07,-0.01324057524763958,0.8472978603872037,0.00020856430555012324,7.27219486074859e-09,0.0833333333332204,0.0023148148148085415,162.0,4.0,1e-10,1e-10
JUAN EULOGIO ESTIGARRIBIA,6.4101721429830025,31.80815208525925,0.5134528198665559,0.8315111209775525,0.002475369152706606,-0.6951164792752196,0.0072341804362122675,2.0,-0.004249678036740442,0.9694005571881036,0.0006258030113024229,6.045441841035276e-09,0.09578227668235699,0.0030580815088185284,166.0,2.0,1e-10,1e-10
MAURICIO JOSE TROCHE,13.562404493233599,60.59706565917023,-0.15101766120554702,0.8058976527899265,0.003076149145619859,-0.8752664397207873,0.0538197633568418,1e-07,-0.009391232095796537,0.651761964397091,0.0009256743322295255,1.4886610837779664e-08,0.24799376888197774,0.020500303134762598,170.0,7.0,1e-10,1e-10
NUEVA LONDRES,23.917060179885123,56.46641569108957,-0.009271200810760544,0.9667322348834343,0.001040437552739908,-0.31792146788244935,0.01466317643133408,1e-07,-0.0034920449339509206,0.5108256237659907,0.0001296334213383412,3.043562026598736e-10,1e-07,1e-07,187.0,0.0,1e-10,1e-10
SANTA ELENA,25.967935507933685,271.03095028568833,0.10875403887386949,0.7652444721279157,0.0032496216588602973,-0.887750665504248,0.024939187390115025,1e-07,-0.011201753754411696,0.40761333664645394,0.0001181556094317873,1.4470551487681665e-08,0.1999999999999172,0.013333333333322294,162.0,6.0,1e-10,1e-10
COLONIA INDEPENDENCIA,6.752365841668923,18.495859647643435,0.38931413847710544,0.8765224021828997,0.0028640455810090815,-0.8147573613599921,0.03938824908181071,1e-07,-0.014253430239383573,0.5179430915348547,0.00023552593964293444,5.93206251245448e-09,0.20206978433285708,0.013444304047672233,171.0,3.0,1e-10,1e-10
LA PAZ,30.012004801920767,1e-07,1e-08,0.9842792802909235,5.1912477239714585e-05,-0.016120573843795533,0.015652557319213778,1e-07,-0.001953125,1e-08,1e-07,3.203434507512446e-11,1e-07,1e-07,193.0,0.0,1e-10,1e-10
NUEVA COLOMBIA,46.36031778170198,883.0500278907072,0.21431111474042472,0.8092366507950219,0.0025846050049744803,-0.7462969923383234,0.02120013957492861,1e-07,-0.012705740481192643,0.9614111671546247,3.4955887492336104e-05,9.295677167481742e-09,0.16580266113697792,0.009163507480034508,171.0,2.0,1e-10,1e-10
SAN MIGUEL,21.838229318583334,56.52321962148945,-0.280060489186214,0.8634117702974557,0.002560507077051706,-0.7647406109095531,0.012734610176772465,1e-07,-0.01143511767836301,0.8649974374866046,0.000269117913316995,1.3047530359397742e-08,1e-07,1e-07,182.0,6.0,1e-10,1e-10
SANTA ROSA DEL MONDAY,34.10858251088685,1107.0853046324369,-0.265016770607416,0.6217036866966713,0.0004194267366808181,-0.12929351692987484,0.018915030322577686,1e-07,-0.005873532776199757,1e-08,0.0009151966798084339,1.8230478779237656e-08,1e-07,1e-07,189.0,2.0,1e-10,1e-10
VAQUERIA,9.708140530276903,8.032112439078603,-0.18282858427125595,0.9063736598909817,0.0014191717397294451,-0.43240753094527584,0.035757989534187185,1e-07,-0.006932675042157936,1.2039728043259361,0.0001371950537129271,2.7726753345728336e-09,1e-07,1e-07,186.0,1.0,1e-10,1e-10
YATAITY,31.43341231446662,117.94160613844107,-0.24970936315084866,0.9330490460815934,0.0034913107679401837,-1.0377814551673814,0.03981075376617926,1e-07,-0.01115937500014691,1.1631508098056809,0.00040253413693931657,3.1420201172191052e-09,1e-07,1e-07,180.0,7.0,1e-10,1e-10
ITAPE,16.40067374745553,31.58126857568391,-0.034401671652743604,0.9166875234880978,0.0036753358590705413,-1.0803151192753404,0.026789870160082274,1e-07,-0.009092442936019518,0.6931471805599453,0.0002724651989022039,4.437604616788483e-09,1e-07,1e-07,178.0,5.0,1e-10,1e-10
SANTA ROSA DEL AGUARAY,17.443157366816497,629.4887430587382,0.6306718339264069,0.7910201178320948,0.002699786985652831,-0.6756189092878205,0.020954102024264176,1.0,-0.009677610651961181,0.47619012710323433,0.0002712421898854286,5.432465692842633e-09,0.03571428571420715,0.0012755102040789307,145.0,4.0,1e-10,1e-10
FELIX PEREZ CARDOZO,23.110491349930935,108.64032343064106,0.0611554370506548,0.8753900045816854,0.0022292018547859418,-0.6609046768398765,0.021720602864604643,1e-07,-0.010918303584219417,1.0216512475319814,0.0002945552858502651,5.165138380371969e-09,1e-07,1e-07,179.0,5.0,1e-10,1e-10
GENERAL ARTIGAS,12.170503512071548,126.7618477903934,-0.1766134832578625,0.5831227848213516,0.0010277925754143984,-0.3086801145592282,0.02254998230261729,1e-07,-0.00646769605389883,0.916290731874155,0.001103228356958686,2.0587965527114914e-08,1e-07,1e-07,183.0,2.0,1e-10,1e-10
JUAN MANUEL FRUTOS,4.396617235947965,0.0004897301726391983,-0.2500000000000094,0.9002802210895724,0.00046203818426986045,-0.14287399148917537,0.020578649226205892,1e-07,-0.007064925544109958,1e-08,0.0021719863050348076,4.934938207780035e-09,1e-07,1e-07,191.0,1.0,1e-10,1e-10
LA PASTORA,19.509610843671403,0.023958168487863717,0.4678504781028146,0.936645361844425,0.001221028979579048,-0.37556479287293787,0.02132386678357301,1e-07,-0.007794025418742592,1e-08,5.238660078537803e-11,4.82446378388967e-09,1e-07,1e-07,189.0,1.0,1e-10,1e-10
SAN JUAN DEL PARANA,12.835668267051902,14.701339084763962,-0.040880569643201393,0.8217056181212624,0.001241486328311121,-0.3782771337584696,0.02124682117579635,1e-07,-0.006482712765956848,0.5108256237659907,0.0012749205057979763,1.4378681087366495e-08,1e-07,1e-07,187.0,3.0,1e-10,1e-10
SIMON BOLIVAR,22.46925536065014,60.68933838397148,0.046364128612338296,0.9287893867909665,0.0036809999670543406,-1.0830961238695034,0.019185300413692374,1e-07,-0.00922181524338432,0.6061358035703156,0.0015134907403744713,4.514024337674128e-09,1e-07,1e-07,179.0,7.0,1e-10,1e-10
CAPITAN MEZA,11.79809901759863,78.95843149699853,-0.27043175724757224,0.9528467168270195,0.0005239265439184342,-0.1609898513349735,0.027709621556899378,1e-07,-0.004332078965877979,1.0986122886681098,0.0007214761698236958,1.763203600548005e-10,1e-07,1e-07,188.0,1.0,1e-10,1e-10
SAN JOAQUIN,15.094068936121916,83.8278680733975,0.5743196547957233,0.8975526554175167,0.0021649904282878035,-0.6402537326837767,0.018849252221240342,1e-07,-0.00853716031937343,1e-08,4.533697282743583e-05,2.286262560076023e-09,1e-07,1e-07,181.0,4.0,1e-10,1e-10
BORJA,9.92830783740246,0.0007423518674148407,0.5771390322831719,0.9539332216514632,0.002052783849707138,-0.6269720987371366,0.020833853245886935,1e-07,-0.007718812120271938,1e-08,0.002203543131775507,5.0671018961743924e-09,1e-07,1e-07,187.0,1.0,1e-10,1e-10
ITACURUBI DEL ROSARIO,25.083047199895617,347.5084761234484,-0.2824515068137391,0.9509740064837976,0.0005314777871206937,-0.1632876213999179,0.02805032819853026,1e-07,-0.004422864791188812,1.0986122886681098,0.0007203569551219487,1.8299693826310407e-10,1e-07,1e-07,188.0,1.0,1e-10,1e-10
JESUS,22.42670281597493,62.14550388164454,-0.5795191674166807,0.8903743802872666,0.0008196056549398049,-0.25215400305294217,0.022594610018586536,1e-07,-0.005225749329350871,1e-08,0.00013354572274985738,5.198704875492012e-09,1e-07,1e-07,189.0,2.0,1e-10,1e-10
ISLA PUCU,19.729272845083997,81.9311068138319,0.153229463716577,0.8916121436236415,0.0032256320011861,-0.940514026118517,0.01709437723239693,1e-07,-0.007736461458647374,0.8109302162163288,0.00031755113474671076,7.559544545941039e-09,1e-07,1e-07,176.0,6.0,1e-10,1e-10
SANTA ROSA DEL MBUTUY,24.462791066526442,677.2501408585683,0.6028265514974636,0.8730991851311856,0.002186990789983799,-0.6354545413101955,0.026794497211724,1e-07,-0.009816411079159808,1.5040773967762742,0.0006581447967471894,3.5052519818422398e-09,0.07606749959032602,0.0019287548313080835,170.0,2.0,1e-10,1e-10
VILLA DEL ROSARIO,17.093794809381304,0.023267663347904886,0.7112901752595627,0.9694264603986615,0.003677543701429545,-1.1057761155497603,0.020813624014729082,1e-07,-0.007779801655439553,0.5108256237659907,0.0022665824663491924,5.213527345654306e-09,1e-07,1e-07,183.0,1.0,1e-10,1e-10
3 DE FEBRERO,10.16997098679146,0.001368144109415797,-0.03815934924051831,0.9006641897334446,0.00046373573399361486,-0.14339926360334943,0.02056956943799859,1e-07,-0.007083540908846841,1e-08,0.002214780300185134,4.960316211538649e-09,1e-07,1e-07,191.0,1.0,1e-10,1e-10
YUTY,6.127895902452266,4.3309115889344225,-0.3053161360760272,0.8603153116988262,0.0026136779956104474,-0.7804521182240265,0.025227202611254995,1e-07,-0.011699587194422247,0.8649974374866046,0.00026936797201306196,1.2027339759666495e-08,1e-07,1e-07,182.0,6.0,1e-10,1e-10
YHU,3.3234987091227386,1.0816340311319428,-0.21230183751675893,0.9108280620592277,0.002629631016823909,-0.7845633478233631,0.014764847832606898,1.0,-0.008243168032605032,0.8362480242006186,0.0002760231247888494,5.535047434837172e-09,1e-07,1e-07,181.0,4.0,1e-10,1e-10
TAVAI,5.997111948590886,0.011850347196082842,0.4224025124490671,0.9395523765709112,0.0012006652907877188,-0.3693193413305712,0.02107194949316038,1e-07,-0.0075953334625807525,1e-08,1.7010432285872112e-09,4.244429550462955e-09,1e-07,1e-07,189.0,1.0,1e-10,1e-10
FILADELFIA,10.882073011129751,69.8337581944031,-0.11623413037938629,0.7140717375785607,0.002390006451469054,-0.6833987763332745,0.001457562149672409,1e-07,-0.004076751525854252,1.2685113254635072,0.0010457375376287969,1.6290010016269907e-08,0.16666666666643778,0.009259259259233826,173.0,8.0,1e-10,1e-10
MBOCAYATY DEL YHAGUY,35.38650537529444,696.1443750078436,-0.23045102842276544,0.6579982499933121,0.001548235175947493,-0.4562326016318998,0.013776851521931865,1e-07,-0.008899445449213925,0.7419373447293773,6.388888842645801e-05,2.1731296778009407e-08,1e-07,1e-07,180.0,4.0,1e-10,1e-10
SAN CARLOS,136.67448641311276,0.03096027248857457,-0.24999999999996195,0.8997611964463424,0.0004657263881458724,-0.14401416001301312,0.020578945755376332,1e-07,-0.007128104046326666,1e-08,0.0022542711993288893,5.11167464449328e-09,1e-07,1e-07,191.0,1.0,1e-10,1e-10
JOSE FASSARDI,17.242862723889765,29.80999566049678,-0.13688851332440513,0.8788932648199402,0.00246123221644543,-0.7337353308459504,0.018477412214724875,1e-07,-0.009256173669225353,0.322773392263051,0.00014166170908702725,1.0886377701840548e-08,1e-07,1e-07,182.0,5.0,1e-10,1e-10
JUAN DE MENA,35.404710662589665,518.8934140065824,-0.033683096989883844,0.7907406688567574,0.0016568886394557904,-0.5019714211751105,0.004344904778068037,1e-07,-0.005130144448121895,1e-08,0.0011005294613349822,1.30558898575605e-08,1e-07,1e-07,184.0,4.0,1e-10,1e-10
NUEVA GERMANIA,46.330418749549835,507.6561535717672,0.19479341464657038,0.8600403035811781,0.0012601313672159485,-0.382450626825272,0.02605998106248497,1e-07,-0.00803597222624002,0.6931471805599453,0.00025229534379443117,5.837689458269054e-09,1e-07,1e-07,186.0,2.0,1e-10,1e-10
UNION,34.905479067752154,119.47564861832232,-0.3138978760929829,0.872793116665974,0.0010367891302646179,-0.3176643984112532,0.02464158891347823,1e-07,-0.006548451010483821,1.0986122886681098,0.00014165933136503243,5.279763744615867e-09,1e-07,1e-07,188.0,3.0,1e-10,1e-10
CARMEN DEL PARANA,16.758873637755844,31.462154274487826,-0.25000000000000017,0.7188521289260501,0.00036644202007698676,-0.1132405136290946,0.020686067799958963,1e-07,-0.0071476063829787224,1e-08,0.0012760708703256297,1.3779788044020235e-08,1e-07,1e-07,191.0,1.0,1e-10,1e-10
PASO YOBAI,5.076075396090033,3.1547819404104547,-0.41195213118140717,0.9255350184996404,0.001487406624127909,-0.4536233727996134,0.03182530293893682,1e-07,-0.005851808971471135,0.916290731874155,0.00014165911833965175,1.971795673466482e-09,1e-07,1e-07,186.0,3.0,1e-10,1e-10
TACUARAS,26.660791246290216,0.033052559429597395,-0.2499999999999977,0.9006559326801424,0.00046049390389055813,-0.1423967163207966,0.020576232499367797,1e-07,-0.007035871972079014,1e-08,0.00213945716807592,4.848787078748601e-09,1e-07,1e-07,191.0,1.0,1e-10,1e-10
YATAITY DEL NORTE,22.274861669468024,337.48970644983854,0.20977492752423818,0.7778088725895141,0.0020104279644538934,-0.5707783363090464,0.011574542126694065,1e-07,-0.005633169215786876,0.276632236265196,0.0007715676909348304,1.077384554447884e-08,0.1650956543772057,0.009085525031412583,172.0,4.0,1e-10,1e-10
25 DE DICIEMBRE,19.600837344181915,0.0007896373287018963,0.6875000000000038,0.9636405102765131,0.0028731166804208956,-0.8708577503487187,0.021174779061626348,1e-07,-0.007952489595007257,0.6061358035703156,1.9232521871904812e-13,5.139915498464953e-09,1e-07,1e-07,185.0,1.0,1e-10,1e-10
SANTA MARIA,11.929271828773357,0.010109173306998093,-0.24999999999999167,0.9009943664179298,0.00045910887724225123,-0.1419686600975618,0.02057403787060208,1e-07,-0.0070098145462185995,1e-08,0.0021105946518489827,4.7725045970350654e-09,1e-07,1e-07,191.0,1.0,1e-10,1e-10
SANTIAGO,14.908187115428792,0.002520622172171263,0.3923983059091313,0.9354108225727742,0.001240182599732625,-0.381446277390784,0.02119766567835668,1e-07,-0.00799207243232345,1e-08,5.913817694186884e-13,5.203023444652986e-09,1e-07,1e-07,189.0,1.0,1e-10,1e-10
MCAL. FRANCISCO SOLANO LOPEZ,19.88482654570225,48.01019254688193,-0.264924756251091,0.7105721117891195,0.00036319269325058316,-0.11223369796728869,0.02066512338821791,1e-07,-0.0071412525945841075,1e-08,0.0012749565972222222,1.4251915268757973e-08,1e-07,1e-07,191.0,2.0,1e-10,1e-10
SAN JOSE OBRERO,23.134469076612266,0.0021182812862712242,0.5166666666666616,0.9537446734952513,0.002055091109315243,-0.6276683276072873,0.020822462324625812,1e-07,-0.0077782029805914836,0.6931471805599453,0.002227047512786355,5.121506487350983e-09,1e-07,1e-07,187.0,1.0,1e-10,1e-10
ITURBE,13.409552868141805,21.797178676253154,0.04347636490421101,0.9193792453748664,0.00224788476784361,-0.6761679286959785,0.03317656029065763,1e-07,-0.010408329374390547,0.6931471805599453,0.0013926910005858072,5.847543063041231e-09,1e-07,1e-07,183.0,3.0,1e-10,1e-10
JOSE FALCON,25.92016588906169,1e-07,1e-08,0.8992204192104202,0.0004664329071312456,-0.144232224179144,0.020585356938633614,1e-07,-0.007147606382978723,1e-08,0.00226658950617284,5.186532336007805e-09,1e-07,1e-07,191.0,1.0,1e-10,1e-10
NATALICIO TALAVERA,27.97125725326201,88.09047024815783,-0.5916687683703669,0.8526583968728371,0.000546293272190247,-0.16854072533432451,0.020289443601643975,1e-07,-0.006228300244704764,1e-08,0.00013614387806138565,5.085212502055459e-09,1e-07,1e-07,190.0,1.0,1e-10,1e-10
ANTEQUERA,78.54561174176993,3425.492260805541,-0.38315633342173494,0.6473306376776994,0.0005826154463618445,-0.17917710508307605,0.02134681796627358,1e-07,-0.005034776341256925,1e-08,0.0007097416667000171,1.6547216952431082e-08,1e-07,1e-07,189.0,2.0,1e-10,1e-10
ITANARA,70.00350017500875,1e-07,1e-08,0.9842792802909235,5.1912477239714585e-05,-0.016120573843795533,0.015652557319213778,1e-07,-0.001953125,1e-08,1e-07,3.203434507512446e-11,1e-07,1e-07,193.0,0.0,1e-10,1e-10
SAN COSME Y DAMIAN,11.961852735299942,11.55691083675755,-0.0968384311717355,0.9691430514739876,0.0016814772231123236,-0.5083240147267877,0.030804674118946607,1e-07,-0.0054669098043931535,0.3364722366212129,0.0002702354212693317,3.1058356816572736e-10,1e-07,1e-07,184.0,1.0,1e-10,1e-10
TEBICUARYMI,51.88567376728285,266.73302224824863,-0.027777777777777887,0.9661806354867601,0.0010416591868566572,-0.3182775313570724,0.014488337893993952,1e-07,-0.0035137556287206115,0.5108256237659907,0.0001329045355954019,3.123422338048715e-10,1e-07,1e-07,187.0,0.0,1e-10,1e-10
ITAPUA POTY,6.080505898090721,1e-07,1e-08,0.9207358152803534,0.00020749369899198956,-0.06431170729217896,0.012517692852068718,1e-07,-0.005208333333333334,1e-08,0.00226658950617284,2.623633506520475e-09,1e-07,1e-07,192.0,1.0,1e-10,1e-10
MACIEL,21.504093282132445,0.022307244746679528,-0.11111111111111112,0.9211559678281924,0.0008161155876765431,-0.2517463225702907,0.021055252235734456,1e-07,-0.007787418743135967,1e-08,6.973307563292352e-66,4.883116677664502e-09,1e-07,1e-07,190.0,1.0,1e-10,1e-10
SAN PATRICIO,26.939657127545996,5.267059116791688e-05,-1.0,0.9207529443477934,0.00020740989547906078,-0.06428574923484075,0.012518144764838257,1e-07,-0.0052065799218960415,1e-08,0.0022617098749896833,2.6198451284268384e-09,1e-07,1e-07,192.0,1.0,1e-10,1e-10
LAURELES,28.6368843069874,1e-07,1e-08,0.9842792802909235,5.1912477239714585e-05,-0.016120573843795533,0.015652557319213778,1e-07,-0.001953125,1e-08,1e-07,3.203434507512446e-11,1e-07,1e-07,193.0,0.0,1e-10,1e-10
BUENA VISTA,21.944053522855842,59.54805781657145,-0.7079213991031637,0.8720426740585248,0.001162927069491251,-0.3565940406240201,0.013528380718916044,1e-07,-0.007533887714671278,0.6931471805599453,0.0002759776646017672,4.9120431378130365e-09,1e-07,1e-07,188.0,3.0,1e-10,1e-10
LIMA,19.066036058784217,33.80938665030205,-0.19474858468059053,0.9080671631472355,0.0028637594305715944,-0.85128329625664,0.05722535934004502,1e-07,-0.009208358887210553,0.7472144018302211,0.00040690104166682975,4.815972952222497e-09,1e-07,1e-07,180.0,3.0,1e-10,1e-10
HUMAITA,32.3624685853655,0.00029250630993195645,-1.3964381896621766e-07,0.899412937426608,0.0004659972277406563,-0.14409764244635326,0.02058344388102651,1e-07,-0.007137938416731103,1e-08,0.0022578052299654944,5.15311309615117e-09,1e-07,1e-07,191.0,1.0,1e-10,1e-10
GENERAL DELGADO,20.737925652961056,106.57152253461739,-0.061943501475012874,0.8731880532092898,0.0006384805665965961,-0.19667891585898,0.017220887406056984,1e-07,-0.00411095387151298,1e-08,0.0002518432784639083,4.087914436496579e-09,1e-07,1e-07,189.0,1.0,1e-10,1e-10
YATYTAY,7.709248522435141,0.0003073885769617473,0.33333333333333326,0.9209639459870921,0.0008256048216654669,-0.25467312853853374,0.021055484212072484,1e-07,-0.007875540704452023,1e-08,9.613330806098168e-13,5.0964205717724515e-09,1e-07,1e-07,190.0,1.0,1e-10,1e-10
SAN SALVADOR,37.347331198618136,143.17857994116665,-0.2886004217853357,0.9556863142299461,0.0009039914286749854,-0.27734971594919805,0.030822241219314095,1e-07,-0.005553179552122903,1.0986122886681098,0.00027729552469135806,3.436090593227121e-10,1e-07,1e-07,188.0,1.0,1e-10,1e-10
ALTO VERA,5.938118846217117,0.0008421462330771806,-0.11111111111110818,0.9209272217994582,0.0008197324477087978,-0.252861504308627,0.02105518120621419,1e-07,-0.007827356725294311,1e-08,1e-07,4.976721210641201e-09,1e-07,1e-07,190.0,1.0,1e-10,1e-10
AZOTEY,12.672665061462427,1e-07,1e-08,0.9842792802909235,5.1912477239714585e-05,-0.016120573843795533,0.015652557319213778,1e-07,-0.001953125,1e-08,1e-07,3.203434507512446e-11,1e-07,1e-07,193.0,0.0,1e-10,1e-10
SAN RAFAEL DEL PARANA,4.409754376681219,1e-07,1e-08,0.9207358152803534,0.00020749369899198956,-0.06431170729217896,0.012517692852068718,1e-07,-0.005208333333333334,1e-08,0.00226658950617284,2.623633506520475e-09,1e-07,1e-07,192.0,1.0,1e-10,1e-10
CERRITO,73.69196757553426,905.0843475255991,-0.75,0.7111732822526858,0.00034540793354981313,-0.10673127726561982,0.020524306553975302,1e-07,-0.006930592494089815,1e-08,0.0013711467383021594,1.612296441456144e-08,1e-07,1e-07,191.0,2.0,1e-10,1e-10
GENERAL BRUGUEZ,64.18485237483954,2059.8476371899724,-1.0,0.9595451814325133,0.00023329414309699947,-0.07220140613106796,0.00951013347122287,1e-07,-0.0022751828457443016,1e-08,0.001496303228684521,1.7192493060768963e-10,1e-07,1e-07,191.0,1.0,1e-10,1e-10
YABEBYRY,35.98416696653472,1e-07,1e-08,0.9842792802909235,5.1912477239714585e-05,-0.016120573843795533,0.015652557319213778,1e-07,-0.001953125,1e-08,1e-07,3.203434507512446e-11,1e-07,1e-07,193.0,0.0,1e-10,1e-10
ZANJA PYTA,24.686133446184225,136.80524550512192,0.32231404958677684,0.8796746132376991,0.0018718649885296067,-0.562599497744195,0.03219301188272283,1e-07,-0.008892952127659745,1.9459101490553135,0.000445895724826705,3.984289294196968e-09,1e-07,1e-07,182.0,2.0,1e-10,1e-10
VILLALBIN,41.84100418410041,1e-07,1e-08,0.9842792802909235,5.1912477239714585e-05,-0.016120573843795533,0.015652557319213778,1e-07,-0.001953125,1e-08,1e-07,3.203434507512446e-11,1e-07,1e-07,193.0,0.0,1e-10,1e-10
BAHIA NEGRA,81.4663951120163,1e-07,1e-08,0.9842792802909235,5.1912477239714585e-05,-0.016120573843795533,0.015652557319213778,1e-07,-0.001953125,1e-08,1e-07,3.203434507512446e-11,1e-07,1e-07,193.0,0.0,1e-10,1e-10
TEMBIAPORA,7.068636460026861,1e-07,1e-08,0.9842792802909235,5.1912477239714585e-05,-0.016120573843795533,0.015652557319213778,1e-07,-0.001953125,1e-08,1e-07,3.203434507512446e-11,1e-07,1e-07,193.0,0.0,1e-10,1e-10
TAVAPY,17.868538608806634,104.25621943327785,-0.375,0.9561137201212093,0.0005174696114714108,-0.159386132219197,0.0205294862012807,1e-07,-0.003038194444444557,1e-08,0.00044772138393584345,1.6183667055455957e-10,1e-07,1e-07,189.0,1.0,1e-10,1e-10
LEANDRO OVIEDO,31.20449344705637,108.19115680970936,-1.0,0.9462117154026565,0.00012970308811583337,-0.04021614056798145,0.013195527821104003,1e-07,-0.003580729166666275,1e-08,0.00014166184413566624,5.141980244756375e-10,1e-07,1e-07,192.0,0.0,1e-10,1e-10
ISLA UMBU,33.333333333333336,1e-07,1e-08,0.9842792802909235,5.1912477239714585e-05,-0.016120573843795533,0.015652557319213778,1e-07,-0.001953125,1e-08,1e-07,3.203434507512446e-11,1e-07,1e-07,193.0,0.0,1e-10,1e-10
VILLA OLIVA,27.129679869777537,1e-07,1e-08,0.9842792802909235,5.1912477239714585e-05,-0.016120573843795533,0.015652557319213778,1e-07,-0.001953125,1e-08,1e-07,3.203434507512446e-11,1e-07,1e-07,193.0,0.0,1e-10,1e-10
CARMELO PERALTA,23.540489642184557,1e-07,1e-08,0.8992204192104202,0.0004664329071312456,-0.144232224179144,0.020585356938633614,1e-07,-0.007147606382978723,1e-08,0.00226658950617284,5.186532336007805e-09,1e-07,1e-07,191.0,1.0,1e-10,1e-10
DESMOCHADOS,56.49717514124294,1e-07,1e-08,0.9842792802909235,5.1912477239714585e-05,-0.016120573843795533,0.015652557319213778,1e-07,-0.001953125,1e-08,1e-07,3.203434507512446e-11,1e-07,1e-07,193.0,0.0,1e-10,1e-10
R I 3 CORRALES,10.999890001099988,1e-07,1e-08,0.9842792802909235,5.1912477239714585e-05,-0.016120573843795533,0.015652557319213778,1e-07,-0.001953125,1e-08,1e-07,3.203434507512446e-11,1e-07,1e-07,193.0,0.0,1e-10,1e-10
