,Distrito,Mean,Var,ACF1,Trend,Linearity,Curvature,Season,Peak,Trough,Entropy,Lumpiness,Spikiness,Lshift,Vchange,Fspots,Cpoints,KlScore,ChangeIdx
0,CAACUPE,30.79176497639799,1442.2180175385793,0.8156804110567838,0.8882997321236835,0.011684972655455875,-0.7298541945986589,0.030543603373311745,1e-07,-0.019223219272196213,0.4980458971195917,0.00010603592272241964,2.372002639394495e-08,0.19602272727273887,0.015495867768596882,40.0,6.0,1e-10,1e-10
1,CAPIATA,79.77021377397449,20817.368245870286,0.9191889185429502,0.9357437669023149,0.00986583443068442,0.2824621302837862,0.0485731096691735,1e-07,-0.015371653575928748,0.17060443310620085,0.0003820084705365677,6.886434133115153e-09,0.2423389618511602,0.014883474831766087,35.0,4.0,1e-10,1e-10
2,CONCEPCION,22.863662716635396,656.7195114715503,0.7703362526051685,0.8582517974586643,0.012862733375443542,-1.2054016563835752,0.05006789074532303,1e-07,-0.016317760878071574,0.40736805825425043,0.0006831052133630376,1.7326052888431036e-08,0.2500000000000219,0.015151515151517853,48.0,8.0,1e-10,1e-10
3,FERNANDO DE LA MORA,65.92870191167097,6667.912864210807,0.9281097377831652,0.9490922222300815,0.016443757723656725,-0.014661940173756884,0.05139222087460249,1e-07,-0.016430742537277387,0.213201822574581,0.0001056129193867955,3.1237682571097118e-09,0.34813876891120854,0.03211781726286999,28.0,10.0,1e-10,1e-10
4,HORQUETA,16.081299469192643,305.79007355949113,0.8351115387561312,0.9196234621460939,0.013560133504112185,-1.704198929180487,0.10931040918080948,1.0,-0.027727395552007435,0.49513429397131514,0.0006101401204449227,2.3762550842352244e-08,0.20945945945949193,0.01728755782810372,49.0,7.0,1e-10,1e-10
5,ITAUGUA,44.91861736932032,5899.644523683589,0.8358979772084031,0.8783002172665434,0.008254887946647874,-0.005049322168999749,0.10819221407823654,1e-07,-0.023108649347755788,0.2141699538759135,0.0011880288273450298,1.920786535767852e-08,0.1151053493040978,0.003225800765657176,34.0,4.0,1e-10,1e-10
6,LAMBARE,78.44451846825953,14764.25423028144,0.916528851732402,0.9368461825389361,0.011789453211428698,0.3110835568870063,0.05217166400591111,1e-07,-0.015620821224406122,0.23176983220793584,6.044178486301098e-05,8.03443351317374e-09,0.23193069306931063,0.017019920380314697,32.0,6.0,1e-10,1e-10
7,LIMPIO,35.630967537132406,3204.978900024717,0.8739134425865248,0.9008561698142387,0.011460890082902934,0.21885468737024633,0.02283555842083873,1e-07,-0.008694530581569602,0.19450818912323797,0.0003366780559220015,1.6992473818475194e-08,0.17279411764706482,0.008357837222318953,34.0,2.0,1e-10,1e-10
8,LUQUE,58.25783932565641,7344.383224122738,0.8850126237978657,0.9027217025372269,0.012792690883302846,0.1710022204333192,0.08065840489631482,1e-07,-0.018056719318713804,0.22122232113631587,0.000662513575681188,1.4211965277262624e-08,0.23817992680016842,0.018846726222105335,30.0,10.0,1e-10,1e-10
9,MARIANO ROQUE ALONSO,57.587348513502356,8244.107175152125,0.8905184955033021,0.9192937623910872,0.01431075675424771,0.3309997336943049,0.07599125392150707,1e-07,-0.033060848280258084,0.18869825797333914,0.00026291367891893185,1.5379759761187973e-08,0.31686930091186283,0.028463490421068192,32.0,8.0,1e-10,1e-10
10,PARAGUARI,35.65991670025785,2189.7761283213667,0.8562073396001729,0.9189240766972598,0.006992468309098819,-0.572034930046617,0.11498126365302708,1e-07,-0.020994157898186525,0.4769240720903093,0.00014772923345799448,9.564217353681843e-09,0.13207547169811917,0.006496974012104547,63.0,4.0,1e-10,1e-10
11,PEDRO JUAN CABALLERO,39.785227465964084,3380.7888144783365,0.9243993370055514,0.9609668286973415,0.009963095972180317,-0.6158357660979775,0.04188028523276721,1e-07,-0.014695418601242231,0.24686007793152578,5.422829554397906e-05,3.590829250848311e-09,0.1834398123258961,0.010433741874832873,52.0,2.0,1e-10,1e-10
12,SAN ANTONIO,68.13016941091047,7851.036413772321,0.8164671517742895,0.8649557121900668,0.012196112216154763,-0.22217277217621792,0.03845973059307306,1e-07,-0.014760443341951587,0.3282370086181989,0.0001149821241061072,3.106004482801117e-08,0.17501807901029948,0.008479495195070746,30.0,6.0,1e-10,1e-10
13,SAN LORENZO,59.8375857412652,7876.341303221466,0.9345315047676713,0.9429846500633332,0.015258024949955477,0.4585675308634803,0.03033753335311873,1e-07,-0.009386750616740987,0.23098101055211628,0.0003472557894749074,7.898300897124155e-09,0.3772030479130789,0.04503652196361625,31.0,4.0,1e-10,1e-10
14,VILLA ELISA,120.52660648294722,34902.4089255256,0.8668110006575287,0.8979287916140556,0.012961438649763811,-0.08589898453525033,0.0027414318918556058,1e-07,-0.005619053389399711,0.14968715310337172,6.88651398687005e-05,2.2452550263385485e-08,0.2905517964521022,0.027604695128246936,35.0,8.0,1e-10,1e-10
15,VILLETA,38.98976676635227,2752.6118889433014,0.8118395474322956,0.8844356243795896,0.007977922113165585,-0.4563358640453629,0.03461221263491665,1e-07,-0.0076738487175588895,0.31355416227737626,0.00016001888763707636,1.7095782982949124e-08,0.18638008160990105,0.012961821957670653,53.0,2.0,1e-10,1e-10
16,CARAPEGUA,18.803978836478656,459.7517174232521,0.6805924141176063,0.8503125422999631,0.007090800287313514,-0.6881923254307988,0.05302015525386039,1e-07,-0.021850381497380805,0.9894129967031177,0.00011891540852223946,2.2529033522719546e-08,0.13888888888887804,0.004886831275724736,66.0,4.0,1e-10,1e-10
17,CORPUS CHRISTI,18.920749863838513,133.96997675442367,0.22425178189493913,0.799194004879751,0.0040122290424666335,-0.5961835547943592,0.014669495068015959,1e-07,-0.008997637547251743,1.6094379124341003,0.0005775147928997528,4.705251478038551e-08,1e-07,1e-07,93.0,2.0,1e-10,1e-10
18,GUARAMBARE,70.11332597805158,15173.740353568317,0.9284472935118496,0.952826799554805,0.007789275875276325,-0.44296669334161765,0.03522815080125308,1e-07,-0.009768088877935292,0.15961218985278033,3.0403665432254753e-05,5.56648148412722e-09,0.21987951807229306,0.013569337591329646,57.0,4.0,1e-10,1e-10
19,ITA,38.661854650431515,4034.7634773479485,0.8510034582568644,0.8844348875351373,0.008498241461704642,-0.17972162302930617,0.07524119385999539,1e-07,-0.01580487396305431,0.17684771486765494,0.0007246334543727667,1.982847270619228e-08,0.1796049821297646,0.0137222820940493,48.0,4.0,1e-10,1e-10
20,VILLARRICA,28.612185758010725,1183.6705528297077,0.8012723441030052,0.8915553011334933,0.009891821108469095,-1.0048190204670067,0.04250678849429901,1e-07,-0.018957195662891183,0.24005402346252627,0.0008254572176281263,5.783703875078473e-08,0.24991277984380297,0.013683413677029688,68.0,6.0,1e-10,1e-10
21,YPANE,81.84155659331653,15492.2180459834,0.9017077851217208,0.9313400006856765,0.013507445998348543,-0.05378770903412242,0.04075489349502637,1e-07,-0.009698198627576126,0.19388589747867105,0.0003578678926474405,8.41076543702143e-09,0.2619565217391353,0.024000739706221543,36.0,4.0,1e-10,1e-10
22,AREGUA,82.03610002466331,21900.797094263635,0.8980305452691137,0.9232741372518313,0.008481691879747604,-0.001485809876626773,0.06701992028449866,1e-07,-0.018695105260329394,0.1787171112893061,0.0004559349643781295,1.0008402262487098e-08,0.23103112840467213,0.015876785921563694,41.0,4.0,1e-10,1e-10
23,EMBOSCADA,17.348862092038008,173.94197748788878,0.3915092395464257,0.8084906873385811,0.011354116968707657,-1.4350946736515615,0.04405205910081944,1e-07,-0.01922925804093647,1.8325814637483102,0.000700781854321141,5.222486219553592e-08,0.16666666666651087,0.012345679012350298,69.0,8.0,1e-10,1e-10
24,HERNANDARIAS,4.1470212174895416,7.867781859952924,0.2368279744341537,0.7914844963787793,0.011484833227435312,-1.4552118436525934,0.0009880490151427113,4.0,-0.005134132675604148,1.0498221244986778,0.0015547651389358386,8.843350907448349e-08,0.30555555555581115,0.024691358024732702,71.0,10.0,1e-10,1e-10
25,J A SALDIVAR,57.09549633836717,9253.611811687302,0.8891345630376838,0.9204089766104939,0.010693120014201581,-0.2709497987589684,0.01805849298074136,1e-07,-0.013142330171626167,0.17860028726948476,0.0002453206482721186,1.3591242516268246e-08,0.3057461893231188,0.02060984811619049,48.0,4.0,1e-10,1e-10
26,PIRAYU,24.085302641542725,548.0967976089349,0.5648703439999346,0.8050914997227756,0.009149140031399453,-0.9605821662275835,0.04621471191448079,1e-07,-0.015591169696059339,0.7683706017975328,0.0007424618895991061,3.6676091473064225e-08,0.16658529868310415,0.009785034777821661,63.0,4.0,1e-10,1e-10
27,CAAGUAZU,16.343608062273375,715.3577682106065,0.9263963289270533,0.9642520307931125,0.008035092787351634,-0.537954579113926,0.0502352147151518,1.0,-0.01329807420858627,0.11012526558946546,5.5622614134314594e-05,3.5038035922722936e-09,0.15225563909775786,0.006072512107337079,59.0,2.0,1e-10,1e-10
28,ACAHAY,10.139333418221986,61.16134864854311,0.2589257968142696,0.7425203543915205,0.005988765992959532,-0.8130651036933648,0.025829376336606202,1.0,-0.015837676573396024,0.621173680934856,0.0012591212733676445,8.616364014243638e-08,0.16666666666644236,0.009259259259234334,82.0,4.0,1e-10,1e-10
29,ALTOS,38.90273637256812,1861.7616375099815,0.5388796866696564,0.8116791312749002,0.007980903800493357,-0.8184025615804549,0.036480750554145014,1e-07,-0.014892217748845145,0.8048511701399466,0.00041513896345692276,2.5546111629187457e-08,0.12499999999995413,0.009093762854821927,63.0,6.0,1e-10,1e-10
30,BENJAMIN ACEVAL,26.615966414409346,582.5798985062669,0.5740233316079085,0.8305768931784544,0.009797188156287091,-1.2824715757743796,0.010742219502815287,1e-07,-0.011527134666691977,0.7884573603642702,0.0007323193282961915,3.295433161463752e-08,0.15277777777779342,0.012328405864072758,69.0,6.0,1e-10,1e-10
31,CAMBYRETA,4.416616776023515,5.903974819534611,0.21415080182247034,0.8347945274293112,0.010776261777917136,-1.4575018365236179,0.036046943101367024,1.0,-0.017329960402279024,1.1895840668738362,0.00037215402135650633,5.5869450965309835e-08,0.24999999999930653,0.03666666666654958,78.0,10.0,1e-10,1e-10
32,CORONEL OVIEDO,9.86420740233562,225.530303033342,0.9176586915498817,0.9585854708394816,0.00738085332078463,-0.5338738682249367,0.06943116652486503,1.0,-0.007535232949043569,0.29649270213393575,0.0003160874535122557,2.5314821881282843e-09,0.10256410256411701,0.00258875739645043,60.0,2.0,1e-10,1e-10
33,MBOCAYATY,16.363470287037615,66.65563988656642,-0.31464594334669116,0.8067763423988848,0.0037493006354444997,-0.5637829319423788,0.03161066610311558,1e-07,-0.011682809718947135,0.6931471805599453,0.00045657096939197864,5.656795650824785e-08,1e-07,1e-07,95.0,4.0,1e-10,1e-10
34,NUEVA ITALIA,44.10050857751876,2964.6769594185143,0.7171367482274554,0.8487676763073374,0.00979618469494941,-0.6272382875568585,0.05338595815685676,1e-07,-0.015957707284456373,0.6731750473730301,0.0006907244649559769,1.3572165490787971e-08,0.11936836959453812,0.008781487387285677,50.0,2.0,1e-10,1e-10
35,YPACARAI,175.10906254911788,88337.22581066623,0.8928248955932142,0.9354480905641991,0.007475393517485225,-0.43232961219113314,0.05590117350845214,1e-07,-0.013872559019119858,0.2638145910451376,7.717091847288654e-05,1.1050996449876754e-08,0.12433155080213985,0.004804255197460669,55.0,2.0,1e-10,1e-10
36,ARROYOS Y ESTEROS,12.537888710468158,130.89520145457658,0.4751515351881952,0.7538789695173717,0.00916900800710271,-1.1027420970372854,0.06261916202677131,1.0,-0.035902674355974724,0.6505875661411494,0.0012183652387710146,6.047029167906264e-08,0.1136363636363348,0.008953168044080917,72.0,8.0,1e-10,1e-10
37,MAURICIO JOSE TROCHE,13.696530834652245,82.86432969546702,-0.2693630486941062,0.7049815497594734,0.002992594433567017,-0.45342482571698134,0.06547809077577993,1e-07,-0.012147375377645382,1.791759469228055,0.0013043272145574557,7.94274190938517e-08,1e-07,1e-07,95.0,2.0,1e-10,1e-10
38,PIRIBEBUY,19.994930209272542,428.9029965575999,0.782713744582592,0.9067843922252441,0.011401735792637886,-1.24799461214748,0.03483924034977448,1.0,-0.012421465747407042,0.505548566665147,0.000299524128395966,1.2638479526911328e-08,0.18946230017914398,0.01744597614443242,70.0,4.0,1e-10,1e-10
39,SANTA ROSA,7.269885489509111,11.55985682590174,-0.18185218042425746,0.767690189191183,0.005161355532190524,-0.758421507481686,0.03908116197249234,1e-07,-0.018333151511847712,0.7537718023763802,0.0004951258512524182,1.0675007618191766e-07,0.33333333333292575,0.037037037036946455,92.0,6.0,1e-10,1e-10
40,TEBICUARY,83.20231945607121,5284.903054107915,0.06222649500413192,0.7418733448355785,0.0020254046878470547,-0.3111557504299515,0.03800626804537022,1e-07,-0.014453624733475874,1e-08,0.0012396360499611898,6.923000387669751e-08,1e-07,1e-07,97.0,2.0,1e-10,1e-10
41,YAGUARON,24.281433998400658,887.926331759848,0.65442120311084,0.8193021631960554,0.006626711460998412,-0.6298778470137185,0.025920237993253936,1e-07,-0.01128798879475492,0.6729444732424258,3.4426841623276996e-05,3.3014557328334974e-08,0.09782608695652817,0.005395400126024654,66.0,4.0,1e-10,1e-10
42,ENCARNACION,3.1219685092638487,8.46833322864203,0.5631772254196137,0.7932908364667075,0.010705518891356335,-1.07994440648773,0.1550277295865733,4.0,-0.03360417286932319,1.6817585740137264,0.001842705804179643,3.1956475272881366e-08,0.17647058823542008,0.017012687427873638,54.0,6.0,1e-10,1e-10
43,ITACURUBI DE LA CORDILLERA,20.613723745725938,177.16012519968714,0.24841429796000145,0.7970683491494093,0.010567875004455343,-1.3184461585259841,0.04220894897840366,1e-07,-0.029463103122050617,1.067840630001356,0.0003926186024462916,7.656320038625445e-08,0.1428571428570859,0.006802721088437546,71.0,10.0,1e-10,1e-10
44,LOMA GRANDE,62.77947493090584,2884.3073601078518,0.1320544610669559,0.6695643240556333,0.005107205772799137,-0.7168446145526628,0.054568006245644174,1e-07,-0.025623400812764683,0.7827593392496325,0.00019682915668773072,9.66101505946726e-08,1e-07,1e-07,85.0,4.0,1e-10,1e-10
45,PILAR,6.936628674147303,17.250530484111408,0.5216960917512915,0.8795677556840773,0.012234016046615101,-1.447847395199424,0.048226004758166297,3.0,-0.014350492518779158,1.5163474893680884,0.00046094040521613616,2.355522365938566e-08,0.2499999999996018,0.027777777777718768,70.0,6.0,1e-10,1e-10
46,SAN JUAN BAUTISTA,23.237039254202127,307.9411399241065,-0.15062709307794916,0.6779865956514954,0.007229613703344795,-0.9852164713348702,0.07153695978648622,1e-07,-0.03111797015506152,0.6061358035703156,0.0027641130387190235,1.845566436641747e-07,0.14285714285701456,0.0068027210884231545,83.0,8.0,1e-10,1e-10
47,ATYRA,20.300906629311697,388.7813657803293,0.4799122020565459,0.7411453932768695,0.009396091620063812,-1.1204206536602677,0.06967746889094661,1e-07,-0.02248392447926033,0.5306282510621704,0.0006425426758475325,7.115561372720794e-08,0.11538461538450698,0.00788954635107417,65.0,6.0,1e-10,1e-10
48,AYOLAS,9.302299128533223,25.038459479657174,0.1460355795522168,0.8321642847608511,0.0043807290913621365,-0.6560771255268989,0.08155599608307296,1e-07,-0.02218428926070802,1.252762968495368,0.0009072207840248111,3.083446623732322e-08,1e-07,1e-07,93.0,2.0,1e-10,1e-10
49,COLONIA INDEPENDENCIA,8.76675583532182,23.948159808813703,0.1089489695963078,0.8191476477999291,0.0025411016845755443,-0.38918238588604537,0.0651698622420146,1e-07,-0.012747932127400453,1e-08,0.00041262327416208646,3.3818571650925476e-08,1e-07,1e-07,97.0,1.0,1e-10,1e-10
50,FELIX PEREZ CARDOZO,20.95212470611404,50.19447394771214,-0.3667784331423425,0.8755303460715126,0.005015994501941539,-0.7582708962379349,0.025843106029250995,1e-07,-0.015592954269877187,0.9808292530117262,0.0004868981331920431,3.6169685676501744e-08,1e-07,1e-07,95.0,5.0,1e-10,1e-10
51,GUAYAIBI,18.417291460099953,359.66214673516265,0.5280623163464295,0.7944104603885447,0.004240425600222076,-0.603483752507697,0.05030607203590165,1e-07,-0.012916666666667645,0.7419373447293773,0.0007382260092539699,4.589339176791651e-08,0.08333333333322039,0.0023148148148085398,89.0,2.0,1e-10,1e-10
52,ISLA PUCU,19.23537307416962,65.54256987776444,0.1792256206792922,0.9201656261812332,0.006836525240927922,-0.9851562441296333,0.06008783651587546,1e-07,-0.012520772883143662,0.6418538861723948,0.0009042968014358828,1.8412901333951278e-08,0.3333333333331634,0.037037037036999294,89.0,4.0,1e-10,1e-10
53,JOSE FASSARDI,18.942580365125792,44.169153559879284,-0.3014351473321882,0.8293705413788182,0.003977766167855365,-0.6058392062240753,0.03512890895865606,1e-07,-0.017497040982394692,1.3862943611198906,0.0023113905325443784,6.746925819646045e-08,1e-07,1e-07,97.0,4.0,1e-10,1e-10
54,NATALICIO TALAVERA,29.626886060863416,106.48953333663849,-0.9996917683110482,0.9521217460474948,0.0008697787417817414,-0.13525538313290625,0.031283303998813294,1e-07,-0.007487454893999487,1e-08,0.0023113905325443784,3.2015179101928513e-09,1e-07,1e-07,101.0,1.0,1e-10,1e-10
55,QUIINDY,12.074355863267186,99.40125855758116,0.2018427331843761,0.761167829181468,0.008842403249470181,-1.1263405353495144,0.01601118310649141,1.0,-0.017500000000005192,1.0704414117014134,0.002441790166923394,1.044184898802739e-07,0.11049364972897235,0.004115226337450459,71.0,6.0,1e-10,1e-10
56,SAN IGNACIO,6.243319231436239,14.238271578147826,0.12533591456339918,0.8174942397146371,0.006779800241405827,-0.9545394009187045,0.027392729146900496,1.0,-0.010366276146417133,1.3217558399823195,0.0011838390127150125,6.905211195502873e-08,0.1999999999995138,0.013333333333268504,86.0,4.0,1e-10,1e-10
57,SAN JOSE DE LOS ARROYOS,17.831382980553325,295.65182692909826,0.3320817229653491,0.7118850512754986,0.004717972948828794,-0.6728963768088588,0.05267759053363763,1e-07,-0.019642802743689618,1.6094379124341003,0.000914341787559943,8.66388463111123e-08,0.09115967806904679,0.002754820936629747,89.0,4.0,1e-10,1e-10
58,SAN PEDRO,3.8384323335856028,1.8305706540019888,-0.12623965913077975,0.9019010419080232,0.007971516259845463,-1.1774704018598998,0.03127639273192706,1e-07,-0.020531698983790005,0.9808292530117262,0.0006972993726516232,4.645116926711803e-08,0.49922249153051107,0.08281741243163372,91.0,5.0,1e-10,1e-10
59,SANTA ROSA DEL AGUARAY,19.737279164523237,697.3694496662317,0.614285721762232,0.7765262394387183,0.006678245610389369,-0.7969015049440509,0.043352772353908775,1e-07,-0.019619864729460108,0.7492366472109889,0.0005482626089382821,3.2240253841773754e-08,0.11132980246207605,0.0047435070667110005,62.0,4.0,1e-10,1e-10
60,VILLA DEL ROSARIO,17.17795918456676,0.004375328156865661,0.5238095238095172,0.9576271447033285,0.006798318889039991,-1.032568786640502,0.04021233824613335,1e-07,-0.015044364815288824,0.5108256237659907,2.5469797771582982e-11,3.2136662539066084e-08,1e-07,1e-07,96.0,1.0,1e-10,1e-10
61,YUTY,6.439541829491898,5.054378100755842,-0.4203876018074832,0.8203628071125391,0.0033607717865731103,-0.5150401146980059,0.04011195511257992,1e-07,-0.01820960898909709,1e-08,0.004276670668261363,6.629431823107897e-08,1e-07,1e-07,98.0,5.0,1e-10,1e-10
62,CECILIO BAEZ,16.410183631710893,58.62060275115438,-0.1899416940842684,0.8195292064902374,0.005152924213876515,-0.7550646165838202,0.029164552661747334,1e-07,-0.014982281433633868,1.0296194171811581,0.0008461759038246917,5.8119706373866796e-08,0.3333333333331664,0.03703703703699993,91.0,4.0,1e-10,1e-10
63,LORETO,9.516164678914386,49.86501712196491,0.060309782157556495,0.7290734105598405,0.006343260672370968,-0.8349356055980408,0.008204335410264108,1.0,-0.006424669735478667,0.9555114450274363,0.0016306190342720895,8.877321706901645e-08,0.14285714285691975,0.006802721088414122,78.0,4.0,1e-10,1e-10
64,SIMON BOLIVAR,25.129996874995488,69.79186725471511,-0.3373966303202372,0.9152521124537488,0.007087670366613982,-1.0632250707950162,0.034103106772816805,1e-07,-0.01436865804161202,1.252762968495368,0.0007088264299805584,2.767004823785735e-08,1e-07,1e-07,94.0,6.0,1e-10,1e-10
65,VILLA HAYES,68.39755198125344,9766.358203522368,0.9330235733542055,0.9574101925637126,0.012793260359284572,-1.2147461742217533,0.03658004917425561,1e-07,-0.011013238400279604,0.11871630683938197,0.0002837786231317242,1.563371034225975e-08,0.4271008496013598,0.07154424617092235,65.0,4.0,1e-10,1e-10
66,YBY YAU,21.345867915390524,964.7396148210131,0.7904824923497874,0.8881715453914799,0.005680326881844087,-0.6657721951900502,0.07233718358507513,1e-07,-0.017865472312704495,0.5485659517488378,0.00018502276231032624,1.3020426009062575e-08,0.06859120521173126,0.002468560851220698,70.0,2.0,1e-10,1e-10
67,CURUGUATY,17.39462123013,413.6744388472167,0.6884882731194615,0.8383230817375164,0.005886596222701877,-0.6482707547556079,0.07780202657387514,1e-07,-0.013529846257554967,0.8544153281560676,0.0005133804116963437,2.9671220166563704e-08,0.07547169811321455,0.002128705623780919,71.0,2.0,1e-10,1e-10
68,EUSEBIO AYALA,14.014581099827593,193.21498157511056,-0.00923483014279749,0.5726210952233892,0.007971061561662086,-0.9701032781590033,0.05846108003914796,1.0,-0.02894467835112491,1.3862943611198906,0.002414486957687638,1.6358637211319951e-07,0.1777660824439722,0.014880952380943878,68.0,6.0,1e-10,1e-10
69,LIMA,19.23950339050557,35.988835887881926,-0.2132850315266068,0.9007165897769972,0.00721945644799026,-1.0658686408613858,0.10810213261368085,1e-07,-0.017511292346299376,0.8362480242006186,1e-07,2.5721762212571965e-08,1e-07,1e-07,91.0,3.0,1e-10,1e-10
70,NUEVA LONDRES,20.734200409833804,0.004524744632437759,-0.111111111111106,0.9194891401345681,0.002290810483823107,-0.3548241795007157,0.03999997293470148,1e-07,-0.01487893211920524,1e-08,1e-07,3.1193418199186654e-08,1e-07,1e-07,100.0,1.0,1e-10,1e-10
71,YATAITY DEL NORTE,24.926680519577825,438.2638212512697,0.15678797533260552,0.75079158721253,0.004362674537859347,-0.6282807863580752,0.02210822050500172,1e-07,-0.010834335700830531,0.4744579795951158,5.073008422463394e-05,6.818986302035086e-08,0.1666666666665762,0.009259259259249203,88.0,4.0,1e-10,1e-10
72,YATYTAY,7.709248522435141,0.0003073885769617473,0.33333333333333326,0.9197109210831945,0.0022990786890992663,-0.3561059841331543,0.039999839952993166,1e-07,-0.014909237750942118,1e-08,1.7428171170566985e-12,3.146267022997325e-08,1e-07,1e-07,100.0,1.0,1e-10,1e-10
73,ALBERDI,26.731700981799527,451.4815950320687,0.29240488899892575,0.7871429932304677,0.00415525337180732,-0.6051881189916981,0.04967398569088988,1e-07,-0.015310617685866215,1.9459101490553135,6.922133105279036e-05,4.102330250275061e-08,1e-07,1e-07,90.0,2.0,1e-10,1e-10
74,BELEN,22.764230294843994,565.1768628837461,0.13501315875453088,0.8195502428612451,0.004798626252723421,-0.6743792843246086,0.05960054576695939,1e-07,-0.013982679069179979,0.5725191927713306,0.0013645467886391298,4.046963814689805e-08,0.08200298448621321,0.0022414964882153748,80.0,3.0,1e-10,1e-10
75,BELLA VISTA,129.72677717366136,41364.252489641294,0.8179890422534928,0.8961172108933126,0.005737590138372543,-0.6982159799367866,0.0731277771382367,1e-07,-0.02157736538570404,0.262364264467491,0.00019031137872638676,1.7983462961985987e-08,0.0372340425531785,0.0006035913686430614,77.0,2.0,1e-10,1e-10
76,CAPITAN BADO,7.724293982311326,15.522484037067029,-0.11054222434110327,0.897573629951378,0.006130328326076678,-0.8966396347706834,0.04168427880760461,1e-07,-0.009148497931279007,1.041453874828161,0.0012495652820151454,2.2529596683596283e-08,0.33151645979451655,0.03663438770489643,90.0,5.0,1e-10,1e-10
77,CARAGUATAY,16.561140529727023,140.4805070999027,0.09173124624004214,0.7336212604573671,0.006463886966914601,-0.8588844037998069,0.09308589571844073,1e-07,-0.025006234096697978,1.575536360758419,0.001519047314131036,7.245520862685562e-08,0.11111111111098076,0.004115226337438906,77.0,2.0,1e-10,1e-10
78,CHORE,18.137943468924387,236.92107471412223,0.47747973526189336,0.8023670328628717,0.007414843347381763,-0.9776461260475884,0.004335183568653478,1e-07,-0.007225174959254805,0.8649974374866046,0.000763306346119168,5.375856510380133e-08,0.13888888888874953,0.012345679012331688,79.0,6.0,1e-10,1e-10
79,CORONEL BOGADO,6.602203940765386,8.685574776116658,0.04293101349521687,0.86189081470062,0.006516811776816296,-0.9501861483372898,0.02913276729961045,1e-07,-0.012527603179372699,0.8209805520698302,0.0012354609149600934,3.181272240243248e-08,0.33333333333288406,0.03703703703693722,89.0,6.0,1e-10,1e-10
80,MBOCAYATY DEL YHAGUY,38.60967137966791,837.5208694000033,-0.32298633930911885,0.6228176409054895,0.003562672192961869,-0.5285265866921481,0.026137886582106362,1e-07,-0.017000000000000168,1.791759469228055,0.002894937538517055,1.3735185093378226e-07,1e-07,1e-07,93.0,4.0,1e-10,1e-10
81,PASO YOBAI,4.000396799164078,0.0006272012649193104,-1.0,0.9201875163694281,0.0005749152974980957,-0.08963450423914676,0.02441017445827398,1e-07,-0.009922232160604061,1e-08,0.003908406675935374,1.5754333225047185e-08,1e-07,1e-07,102.0,1.0,1e-10,1e-10
82,SAPUCAI,22.83829893074215,162.8376336649773,-0.2756110051385604,0.8040624473846101,0.007538906989294284,-1.0413990898222827,0.03664370612134882,1e-07,-0.02064613072877964,1.157452788691043,0.0013078616103365881,6.229635928512072e-08,0.24999999999987466,0.020833333333312432,83.0,6.0,1e-10,1e-10
83,TOBATI,15.918430881797006,256.6307900948355,0.6335283073212546,0.849540786815695,0.008017106536358853,-1.0505005391315954,0.027279306671088244,1e-07,-0.01923861095903312,1.3217558399823195,0.000701852683792839,3.11688861214044e-08,0.09672225263863869,0.005144032921812402,76.0,6.0,1e-10,1e-10
84,FUERTE OLIMPO,29.316386097110822,91.89215113704309,-0.26301226400986527,0.9551013632621681,0.0024720821803446095,-0.3800258173892205,0.05934698156172036,1e-07,-0.010582595410325892,1.0986122886681098,0.0004939951712632758,1.9269428873282002e-09,1e-07,1e-07,98.0,1.0,1e-10,1e-10
85,NATALIO,5.504294623090948,3.090557302574109,-0.2802038835985272,0.8991684342508419,0.0027911506437662903,-0.4288545747566392,0.03982765346569328,1e-07,-0.013125884976634628,1e-08,0.0004930966469428008,1.7663652765978545e-08,1e-07,1e-07,98.0,2.0,1e-10,1e-10
86,REPATRIACION,19.099761780902607,305.96360291950515,0.5909033499602213,0.843851333556758,0.007092695398585178,-0.9633514179165192,0.04734798008601171,1e-07,-0.02130539495205987,0.6931471805599453,5.4539848210717586e-05,5.122057272423764e-08,0.07608695652175,0.005040957781980021,80.0,4.0,1e-10,1e-10
87,SAN ESTANISLAO,25.882278110392768,723.3871033300278,0.5940337914851275,0.8188147756959334,0.007359841092541699,-0.8123464383524607,0.01754648967923511,1e-07,-0.013415158983553055,0.6493445579015524,0.0003090210589981553,2.6797471814498954e-08,0.09054500644150143,0.006963575145394402,70.0,2.0,1e-10,1e-10
88,FRAM,11.015642211940955,1e-07,1e-08,0.9197812682611444,0.0005803264532922482,-0.090477423612054,0.02439024390243727,1e-07,-0.009999999999999998,1e-08,0.004109138724523341,1.62910826838162e-08,1e-07,1e-07,102.0,1.0,1e-10,1e-10
89,HOHENAU,8.727685673523602,7.534990900823741,-0.30538195334916646,0.9002104818879667,0.0027978458293057293,-0.42989839274470676,0.04019368752935615,1e-07,-0.01324096076343886,1e-08,0.0004820577038416585,1.742852710338477e-08,1e-07,1e-07,98.0,3.0,1e-10,1e-10
90,SALTO DEL GUAIRA,27.95516391359622,1281.8059677639878,0.8330361971983937,0.9203749780370372,0.0070931364885823845,-0.8627687693838755,0.08614260332990953,1e-07,-0.017452436984320672,1.2383742310432684,6.703707665240601e-05,7.171111679773721e-09,0.06705369209977101,0.002575060267368305,76.0,2.0,1e-10,1e-10
91,SAN BERNARDINO,21.90580757630491,258.10833375337967,0.48447648095528284,0.861455447774454,0.01160124644539907,-1.4048006876767294,0.03785940383109043,1e-07,-0.019224119608022044,0.7290791897860086,0.00035877189568542966,2.8693219911564885e-08,0.21875000000003098,0.015625000000004413,66.0,8.0,1e-10,1e-10
92,SAN PEDRO DEL PARANA,3.047436735782326,2.630435834320527e-05,-0.01562499999997918,0.9620012024493765,0.007859510171032334,-1.1869613333316118,0.040021419789347035,1e-07,-0.0149133900834498,0.3364722366212129,1e-07,3.146527309267761e-08,1e-07,1e-07,95.0,1.0,1e-10,1e-10
93,EDELIRA,4.118180205057798,8.456131645977317e-07,0.5166666666667539,0.9520816546978537,0.00569309678989993,-0.8694841334894027,0.03998813357809683,1e-07,-0.014992588322490308,0.6931471805599453,0.004101023165467872,3.208265644654689e-08,1e-07,1e-07,97.0,1.0,1e-10,1e-10
94,FILADELFIA,12.64097375204951,93.69722545067472,-0.1693377349907102,0.7310007859028982,0.004212880086730307,-0.6182224952535273,0.020519231382929215,1e-07,-0.016858254408383098,1.6094379124341003,0.0018593852728488532,9.108984093953149e-08,0.16666666666643778,0.009259259259233826,91.0,4.0,1e-10,1e-10
95,MCAL. ESTIGARRIBIA,7.659944014139283,32.83284465008976,0.11662659670633976,0.7453593313502846,0.005276402329825947,-0.7548092237163726,0.023432264863835983,1e-07,-0.015620476497325286,0.8109302162163288,0.001424498316061182,5.989187448018619e-08,0.1666666666663033,0.009259259259218887,88.0,2.0,1e-10,1e-10
96,SAN CARLOS,136.4256480218281,1e-07,1e-08,0.9842103390381591,0.00014544586542781506,-0.02273417496851104,0.030303030303028056,1e-07,-0.00375,1e-08,1e-07,1.9915125883983952e-10,1e-07,1e-07,103.0,0.0,1e-10,1e-10
97,TACUATI,16.925307414865575,33.79003576956809,-0.5432153244247846,0.9655098518160796,0.00137208439120479,-0.21271563079010702,0.03415452071465652,1e-07,-0.005614798367735363,1e-08,0.0002568211702830893,1.2157526435400295e-09,1e-07,1e-07,100.0,1.0,1e-10,1e-10
98,TOMAS ROMERO PEREIRA,7.184278718706225,75.23487266560808,0.2574961930237844,0.6413579071382149,0.0028203210199773763,-0.4181730478692285,0.03499753062641342,1e-07,-0.010568071228751983,0.7884573603642702,0.0012574116053295213,9.624934415347845e-08,0.09090909090884441,0.002754820936624179,96.0,2.0,1e-10,1e-10
99,YATAITY,30.03480993693954,110.12912328911654,0.446147408015368,0.9523909345516398,0.005045116571243423,-0.7677660139180749,0.04461014391425955,1e-07,-0.013053555726537448,1e-08,0.000484541767890065,4.2352910772942046e-09,1e-07,1e-07,96.0,1.0,1e-10,1e-10
100,CAPITAN MIRANDA,10.358374297401308,12.558520136079347,-0.5803769535355016,0.8466873264747703,0.0015159042278527239,-0.23484601860421672,0.03872280489102542,1e-07,-0.011860117791098326,1e-08,0.00025682117028333134,3.244367158667612e-08,1e-07,1e-07,100.0,2.0,1e-10,1e-10
101,ESCOBAR,13.551716770348179,18.77118415098604,-0.1267010668783203,0.9311978839378069,0.006200419337949226,-0.9226300872007505,0.01317300657038023,1e-07,-0.006861793219552641,0.5947071077466928,1.792772469904744e-15,2.0097599734673206e-08,0.49918727504912874,0.08306264519032487,92.0,2.0,1e-10,1e-10
102,SAN LAZARO,20.976513288147803,124.54067745461566,-0.8945372009749362,0.9412286881273418,0.0008323568186060515,-0.1294060827995355,0.03382705134256281,1e-07,-0.007809068738655333,1e-08,0.0023113905325443775,3.2462251878247885e-09,1e-07,1e-07,101.0,1.0,1e-10,1e-10
103,SANTIAGO,14.930432471642245,0.0006764983498972202,-0.11111111111111771,0.91892482052954,0.0023063295834891205,-0.35722556196761956,0.03999999224979356,1e-07,-0.01500502381661209,1e-08,1e-07,3.2147822833693734e-08,1e-07,1e-07,100.0,1.0,1e-10,1e-10
104,UNION,37.17218974817341,163.7995410012761,-0.5675697310670927,0.8457404665598844,0.0015150128692379863,-0.23470669320883614,0.03871555143229932,1e-07,-0.01186777836134401,1e-08,0.000256821170282882,3.265056218803916e-08,1e-07,1e-07,100.0,2.0,1e-10,1e-10
105,VALENZUELA,16.981912798985388,24.782854264043173,-0.18655617363143923,0.9036660808284166,0.0039051328556138796,-0.5943169097909883,0.06813407091050827,1e-07,-0.013117948620215873,1.2039728043259361,0.00025682117028304934,1.6499939476106012e-08,1e-07,1e-07,96.0,2.0,1e-10,1e-10
106,HUMAITA,32.351993033488654,0.00010954790352494243,-1.0000000000000002,0.9198021357897991,0.0005800451592509388,-0.09043360521060281,0.024391270520346953,1e-07,-0.009995957309184993,1e-08,0.004098517369881954,1.626284612241198e-08,1e-07,1e-07,102.0,1.0,1e-10,1e-10
107,MINGA GUAZU,2.4952595906829296,4.453764783198763,0.4271755076734376,0.7703291333157197,0.006542946728884071,-0.9095669347368887,0.09037478456482684,4.0,-0.029620930751374723,1.11365016603265,0.001451074459766394,4.2026665274167266e-08,0.14285714285622142,0.006802721088347622,80.0,4.0,1e-10,1e-10
108,SAN ALBERTO,11.43646554583519,34.11634765013936,0.16818087801459863,0.8572720300791877,0.0029481439107234973,-0.45135542964046627,0.017632749149636306,1e-07,-0.005839585494989476,1e-08,0.0008492011274607308,2.7798755237608598e-08,1e-07,1e-07,97.0,2.0,1e-10,1e-10
109,SAN COSME Y DAMIAN,10.798111864621772,0.004713885979460005,0.5238095238095238,0.9581010256566495,0.0067130835832020005,-1.0196770534485116,0.03964465802336292,1e-07,-0.014709521247982518,0.5108256237659907,1.8284719436333284e-10,3.033128575214155e-08,1e-07,1e-07,96.0,1.0,1e-10,1e-10
110,SANTA ELENA,26.574872379984907,305.45834248418413,0.15204454770090828,0.7415957936276605,0.006565860531064282,-0.8926458460917428,0.03820555013403504,1e-07,-0.016999613526572324,0.4263426931297195,0.00011360946733782877,8.37550054695206e-08,0.1999999999999172,0.013333333333322294,80.0,4.0,1e-10,1e-10
111,JOSE DOMINGO OCAMPOS,13.920013624458768,21.53260862640524,-0.9924026130161827,0.9141716648944564,0.0015778421923208692,-0.24454201936809472,0.039309894855441896,1e-07,-0.01114367603550089,1e-08,0.00024563266796055327,1.8288807654431463e-08,1e-07,1e-07,100.0,2.0,1e-10,1e-10
112,LOMA PLATA,8.612481513956363,9.126447727058572,0.0009258331825677435,0.8927884709890346,0.005980399610443259,-0.8998680629689926,0.05320561059241524,1e-07,-0.019360666689227476,1.3862943611198906,0.0007088264299809909,2.6736927550096435e-08,1e-07,1e-07,94.0,4.0,1e-10,1e-10
113,SAN SALVADOR,37.347331198618136,143.17857994116665,-0.2886004217853357,0.9549353528235351,0.0025053543514601817,-0.38512043968471954,0.05897528803923713,1e-07,-0.01060891325071428,1.0986122886681098,0.0004930966469428008,2.0361577350803177e-09,1e-07,1e-07,98.0,1.0,1e-10,1e-10
114,ITAPE,18.30120844962554,40.89746787310746,-0.3511157305416826,0.9130061299663368,0.0063384650853848005,-0.9551322211585687,0.025100048968032196,1e-07,-0.011246303233444704,1.252762968495368,0.0007088264299806378,2.1554014178723578e-08,1e-07,1e-07,94.0,5.0,1e-10,1e-10
115,ALTO VERA,5.938118846217117,0.0008421462330771806,-0.11111111111110818,0.9196752974170488,0.0022827243286307865,-0.35357248955885656,0.03999993844363037,1e-07,-0.014818140099478617,1e-08,1e-07,3.072356001056933e-08,1e-07,1e-07,100.0,1.0,1e-10,1e-10
116,BUENA VISTA,23.01556450939749,64.56885461420904,-1.0009861133751277,0.8968189446740287,0.002444159358641962,-0.3773498641368622,0.04402580656098276,1e-07,-0.01125897573456777,0.6931471805599453,0.0002568211702830217,2.1989375613266445e-08,1e-07,1e-07,99.0,3.0,1e-10,1e-10
117,JUAN EULOGIO ESTIGARRIBIA,4.16093887768358,3.2821262543666965,0.2663629786746857,0.8928362617665091,0.006876594011619944,-1.0086342023460815,0.03146245405789316,1.0,-0.013116550733401778,1.252762968495368,0.0005657125789023041,1.981352201025871e-08,0.3333333333325825,0.03703703703687019,89.0,6.0,1e-10,1e-10
118,LA PALOMA,51.1490400434054,1138.7602006540542,0.7346662377755142,0.9379433198106651,0.009277821765204817,-1.2877252296917754,0.06612782131930572,1e-07,-0.0211453062583236,1e-08,0.00018213884592726046,8.574989803494048e-09,0.19999999999999585,0.010833333333339358,86.0,4.0,1e-10,1e-10
119,CARAYAO,14.750085823050524,255.23394598593075,0.4151362741689436,0.7230802323788346,0.004258088487721585,-0.6244013409834056,0.052768745930475314,1e-07,-0.01700251759874884,1.3350010667323402,0.002689151873768927,6.065235693125165e-08,1e-07,1e-07,91.0,2.0,1e-10,1e-10
120,SANTA ROSA DEL MBUTUY,15.286361244091925,89.16485054889255,0.6072686750996306,0.9246900811617319,0.006219421073910875,-0.8896896559603641,0.05089074874875921,1e-07,-0.008748591940344283,1.2039728043259361,7.258382643005393e-05,6.440093944694052e-09,0.19999999999979712,0.013333333333306288,88.0,2.0,1e-10,1e-10
121,CAPIIBARY,9.01109718093242,63.452328112331614,-0.38000717445476095,0.5725399469863885,0.0014945746175349828,-0.23051868989960506,0.040642913825103544,1e-07,-0.010024035986410579,1e-08,0.0016831032215674593,1.2608359682379886e-07,1e-07,1e-07,99.0,2.0,1e-10,1e-10
122,CAAZAPA,6.3499250477890365,21.049936432044458,0.0007327756904739755,0.666879032054335,0.006180166550629548,-0.8735224280695427,0.03272311430514896,1.0,-0.027748630619357853,1.6650077635889111,0.0006913872452348019,1.0714821044005704e-07,0.1999999999995888,0.013333333333278507,85.0,6.0,1e-10,1e-10
123,NUEVA GERMANIA,58.1006163136841,738.2372057460304,-0.39398072396456785,0.8423986001993528,0.0014036634216605577,-0.2176106034208941,0.039485766565560576,1e-07,-0.009507677839536807,1e-08,0.00045739052633007795,3.5712203950278625e-08,1e-07,1e-07,100.0,1.0,1e-10,1e-10
124,ITACURUBI DEL ROSARIO,16.77384919655863,0.00027449266767480296,-0.24999999999997466,0.8974762816562321,0.0013014529467268573,-0.20226359253778659,0.03949691955109558,1e-07,-0.013752617252931323,1e-08,0.004109138724523341,3.2073661557423443e-08,1e-07,1e-07,101.0,1.0,1e-10,1e-10
125,ANTEQUERA,97.79951100244499,4782.372176158678,-1.0000000000000002,0.9591126900106678,0.000651599811303534,-0.10138523483431423,0.018666666666660947,1e-07,-0.004374999999999522,1e-08,0.0027126736111112385,1.0656964550710387e-09,1e-07,1e-07,101.0,1.0,1e-10,1e-10
126,GENERAL MORINIGO,16.123831022250886,1e-07,1e-08,0.9191218529853946,0.0023069141381730374,-0.3573169318283147,0.040000000000004254,1e-07,-0.015,1.0986122886681098,1e-07,3.2145270467069876e-08,1e-07,1e-07,100.0,1.0,1e-10,1e-10
127,MACIEL,21.417862497322762,1.262177448353619e-29,1e-08,0.8976880941662846,0.0013017574816209694,-0.20231119340664866,0.039494470774094625,1e-07,-0.013749999999999998,1e-08,0.004109138724523341,3.202912923933678e-08,1e-07,1e-07,101.0,1.0,1e-10,1e-10
128,SAN JUAN NEPOMUCENO,3.3028977422858987,0.9427646231108765,-0.18367346938775508,0.89931561152522,0.003972069590524949,-0.6039482845162785,0.012500000000042588,1.0,-0.0075000000000042585,1.2039728043259361,1e-07,2.0121539762149193e-08,1e-07,1e-07,96.0,2.0,1e-10,1e-10
129,25 DE DICIEMBRE,19.580967299784607,1e-07,1e-08,0.9445299900535108,0.004577075982348141,-0.7026926808448861,0.04000000000000414,1e-07,-0.015,0.5108256237659907,0.004109138724523341,3.214527046706985e-08,1e-07,1e-07,98.0,1.0,1e-10,1e-10
130,ABAI,5.346507126893999,2.286811076634266,-0.24999999999999994,0.8400724331463375,0.0012290345489069485,-0.1909441059223754,0.039892122710424305,1e-07,-0.014375000000000974,1e-08,0.004109138724523341,4.564102221030661e-08,1e-07,1e-07,101.0,1.0,1e-10,1e-10
131,AZOTEY,12.672665061462427,1e-07,1e-08,0.9842103390381591,0.00014544586542781506,-0.02273417496851104,0.030303030303028056,1e-07,-0.00375,1e-08,1e-07,1.9915125883983952e-10,1e-07,1e-07,103.0,0.0,1e-10,1e-10
132,CARLOS ANTONIO LOPEZ,6.805498843065197,5.789351812870216,-1.0000000000000002,0.9516944404594417,0.0008683190347422768,-0.1350272210250299,0.03139013452911488,1e-07,-0.007499999999993877,1e-08,0.0023113905325443775,3.2023030914618415e-09,1e-07,1e-07,101.0,1.0,1e-10,1e-10
133,SAN JUAN DEL PARANA,13.327410039982231,19.73553981931324,-0.06249999999999993,0.7688142971878377,0.0022941281459240457,-0.35318344547032315,0.04142857142856937,1e-07,-0.012499999999998875,1.0986122886681098,7.901267539925869e-67,8.892397625213813e-08,1e-07,1e-07,99.0,2.0,1e-10,1e-10
134,SAN RAFAEL DEL PARANA,4.409754376681219,1e-07,1e-08,0.9197812682611444,0.0005803264532922482,-0.090477423612054,0.02439024390243727,1e-07,-0.009999999999999998,1e-08,0.004109138724523341,1.62910826838162e-08,1e-07,1e-07,102.0,1.0,1e-10,1e-10
135,CERRITO,73.69196757553426,905.0843475255991,-0.75,0.706729958760948,0.0009633551345687118,-0.1495709693214449,0.03939489442168731,1e-07,-0.013333333333333294,1e-08,0.0024857752777981985,9.991722549660792e-08,1e-07,1e-07,101.0,2.0,1e-10,1e-10
136,ITAKYRY,8.397043459581905,188.61229638290027,-0.0804257408584137,0.3947022480225073,0.002234613589224228,-0.3302655599967985,0.04316367446599856,1e-07,-0.010875000000002712,1.466337068793427,0.0030164119000678116,1.921743339413369e-07,0.04999999999983784,0.0008333333333279281,96.0,2.0,1e-10,1e-10
137,JUAN LEON MALLORQUIN,15.839827662675033,238.3551333640829,0.40669856459330145,0.7680999862913581,0.0034287782221963637,-0.5148295531798108,0.03921149678533031,1e-07,-0.013229166666671618,1e-08,0.0011458742344834785,4.572328376665186e-08,0.08333333333317258,0.002314814814805884,95.0,2.0,1e-10,1e-10
138,KATUETE,56.523574098637404,1485.2802189390336,0.48191204588910125,0.8928620625964448,0.007775907785398294,-1.143460109476717,0.06670458339000651,1e-07,-0.028250000000003588,1e-08,0.002124128862591105,2.7101120162126054e-08,0.1749999999999316,0.009166666666661272,89.0,6.0,1e-10,1e-10
139,NANAWA,72.28776312745778,4690.427378499169,0.4094579008073817,0.7949601607020096,0.004520267215344794,-0.633544587164605,0.012687333794761946,1e-07,-0.009338235294117795,1e-08,8.07176321763736e-05,4.402125416481148e-08,0.07352941176468296,0.0031718569780835723,87.0,2.0,1e-10,1e-10
140,NUEVA COLOMBIA,37.70205947499882,288.73107425832075,-0.005769230769230747,0.8938689126149016,0.004617349627815149,-0.689603307378063,0.09901044229402789,1e-07,-0.017083333333333606,0.9808292530117262,0.0009029959172410629,1.7471827111015705e-08,1e-07,1e-07,93.0,5.0,1e-10,1e-10
141,SAN JOAQUIN,17.965965275382313,94.508785943284,0.5300546448087431,0.9142759734977465,0.004219486841520202,-0.6393508297119673,0.008618127786028329,1e-07,-0.006875000000000547,1e-08,5.478851632704136e-05,1.3008645778988404e-08,1e-07,1e-07,96.0,2.0,1e-10,1e-10
142,YGUAZU,20.706791827719492,227.61929376851808,-0.31782945736434115,0.6782087391193412,0.001239558981607766,-0.19193154988563593,0.03735468197159042,1e-07,-0.012249999999999404,1e-08,0.0011111111111120771,9.094425046316818e-08,1e-07,1e-07,100.0,2.0,1e-10,1e-10
143,YHU,3.197718108357875,0.8180320880415897,-0.15625,0.9204032340693691,0.004509696776679371,-0.6801881440064786,0.03714285714286436,1e-07,-0.012499999999995655,0.916290731874155,0.0002568211702844936,1.7680465355067883e-08,1e-07,1e-07,95.0,2.0,1e-10,1e-10
144,ITURBE,12.361375997739636,15.592205771172813,-0.28,0.8676895170753633,0.002858873529592283,-0.43860883020044156,0.04666666666666086,1e-07,-0.012499999999998821,1.0986122886681098,0.00025682117028222415,3.2817189793735734e-08,1e-07,1e-07,98.0,2.0,1e-10,1e-10
145,SANTA RITA,5.497929113367298,3.3585805039568575,-1.0,0.8350361348985382,0.0018734756912941778,-0.29003295944667007,0.039623381718317696,1e-07,-0.011249999999994886,1e-08,0.0002568211702841101,5.920676815742096e-08,1e-07,1e-07,100.0,3.0,1e-10,1e-10
146,GENERAL BRUGUEZ,64.18485237483954,2059.8476371899724,-1.0,0.9591126900106667,0.0006515998113035165,-0.10138523483431153,0.01866666666666017,1e-07,-0.00437499999999927,1e-08,0.002712673611111306,1.0656964550709642e-09,1e-07,1e-07,101.0,1.0,1e-10,1e-10
147,JUAN E. OLEARY,7.4789520919697425,12.556774863954375,-0.393939393939394,0.8367842042748663,0.0013948855942309264,-0.21624257335357233,0.039427473328473406,1e-07,-0.009583333333329109,1e-08,0.0004565709693929069,3.7372911228931494e-08,1e-07,1e-07,100.0,1.0,1e-10,1e-10
148,YABEBYRY,35.98416696653472,1e-07,1e-08,0.9842103390381591,0.00014544586542781506,-0.02273417496851104,0.030303030303028056,1e-07,-0.00375,1e-08,1e-07,1.9915125883983952e-10,1e-07,1e-07,103.0,0.0,1e-10,1e-10
149,NUEVA ESPERANZA,13.083735909822867,63.81420803285958,0.07029478458049888,0.8517049489068423,0.0027783972306481943,-0.42460090420967833,0.03439688715952327,1e-07,-0.008125000000000968,1e-08,0.0007865148339917725,3.946112108692716e-08,1e-07,1e-07,96.0,2.0,1e-10,1e-10
150,ZANJA PYTA,24.686133446184225,136.80524550512192,0.32231404958677684,0.875102874828659,0.005100682064270294,-0.7603318517244884,0.06139187070317276,1e-07,-0.01687500000000033,1.9459101490553135,0.0007993558925054975,2.3668645952754168e-08,0.24999999999986708,0.020833333333311176,92.0,2.0,1e-10,1e-10
151,CAPITAN MEZA,7.57346258709482,1e-07,1e-08,0.9842103390381591,0.00014544586542781506,-0.02273417496851104,0.030303030303028056,1e-07,-0.00375,1e-08,1e-07,1.9915125883983952e-10,1e-07,1e-07,103.0,0.0,1e-10,1e-10
152,OBLIGADO,6.515931452401122,7.888609052210118e-31,1e-08,0.8976880941662846,0.0013017574816209694,-0.20231119340664866,0.039494470774094625,1e-07,-0.013749999999999998,1e-08,0.004109138724523341,3.202912923933678e-08,1e-07,1e-07,101.0,1.0,1e-10,1e-10
153,SAN JOSE OBRERO,23.10536044362292,1e-07,1e-08,0.9341879560519071,0.0034475852150110836,-0.5318419113845609,0.04000000000000414,1e-07,-0.015,0.6931471805599453,1e-07,3.214527046706985e-08,1e-07,1e-07,99.0,1.0,1e-10,1e-10
154,TEBICUARYMI,45.21817770743839,1e-07,1e-08,0.9445299900535108,0.004577075982348141,-0.7026926808448861,0.04000000000000414,1e-07,-0.015,0.5108256237659907,0.004109138724523341,3.214527046706985e-08,1e-07,1e-07,98.0,1.0,1e-10,1e-10
155,VAQUERIA,10.32346868547832,11.841556188894607,-0.0625,0.9570696350538279,0.00179651554021849,-0.27728804317638805,0.04335397808480035,1e-07,-0.006874999999995279,1.0986122886681098,7.901267539925869e-67,2.0126149534150826e-09,1e-07,1e-07,99.0,0.0,1e-10,1e-10
156,VILLALBIN,41.84100418410041,1e-07,1e-08,0.9842103390381591,0.00014544586542781506,-0.02273417496851104,0.030303030303028056,1e-07,-0.00375,1e-08,1e-07,1.9915125883983952e-10,1e-07,1e-07,103.0,0.0,1e-10,1e-10
157,GENERAL ARTIGAS,15.689966266572526,205.14586787181986,-0.4199999999999999,0.9141280922436519,0.0013153583330840326,-0.20265565060303498,0.04817891373800798,1e-07,-0.009374999999998804,1e-08,0.0019784742006981044,2.8106855756486947e-09,1e-07,1e-07,98.0,1.0,1e-10,1e-10
158,GENERAL DELGADO,22.64199767110881,115.08695191680539,-0.030303030303030356,0.9710122757575856,0.0011073737264429306,-0.1718458680279228,0.02225575254620238,1e-07,-0.0037500000000022554,1e-08,0.0008116817233634715,8.229670579094528e-10,1e-07,1e-07,100.0,1.0,1e-10,1e-10
159,SAN MIGUEL,24.276053407317498,72.16246151448141,-0.5833333333333333,0.8087168667361134,0.002654843660088697,-0.40910033036766547,0.033015522811443376,1e-07,-0.01437499999999982,1e-08,0.00025682117028300516,6.689575812068609e-08,1e-07,1e-07,99.0,4.0,1e-10,1e-10
160,TRINIDAD,11.246063877642825,1e-07,1e-08,0.9842103390381591,0.00014544586542781506,-0.02273417496851104,0.030303030303028056,1e-07,-0.00375,1e-08,1e-07,1.9915125883983952e-10,1e-07,1e-07,103.0,0.0,1e-10,1e-10
161,BORJA,9.898050084133425,1e-07,1e-08,0.8976880941662846,0.0013017574816209694,-0.20231119340664866,0.039494470774094625,1e-07,-0.013749999999999998,1e-08,0.004109138724523341,3.202912923933678e-08,1e-07,1e-07,101.0,1.0,1e-10,1e-10
162,LA PASTORA,19.387359441644048,1e-07,1e-08,0.8976880941662846,0.0013017574816209694,-0.20231119340664866,0.039494470774094625,1e-07,-0.013749999999999998,1e-08,0.004109138724523341,3.202912923933678e-08,1e-07,1e-07,101.0,1.0,1e-10,1e-10
163,TAVAI,5.8702670971529205,1e-07,1e-08,0.9197812682611444,0.0005803264532922482,-0.090477423612054,0.02439024390243727,1e-07,-0.009999999999999998,1e-08,0.004109138724523341,1.62910826838162e-08,1e-07,1e-07,102.0,1.0,1e-10,1e-10
164,BAHIA NEGRA,81.4663951120163,1e-07,1e-08,0.9842103390381591,0.00014544586542781506,-0.02273417496851104,0.030303030303028056,1e-07,-0.00375,1e-08,1e-07,1.9915125883983952e-10,1e-07,1e-07,103.0,0.0,1e-10,1e-10
165,MCAL. FRANCISCO SOLANO LOPEZ,22.26179875333927,55.06529819268644,-1.0,0.907103903671309,0.0005076035205783162,-0.07911033612779467,0.023500526131180477,1e-07,-0.008124999999999369,1e-08,0.004109138724523341,7.951191375983813e-09,1e-07,1e-07,102.0,1.0,1e-10,1e-10
166,TEMBIAPORA,7.068636460026861,1e-07,1e-08,0.9842103390381591,0.00014544586542781506,-0.02273417496851104,0.030303030303028056,1e-07,-0.00375,1e-08,1e-07,1.9915125883983952e-10,1e-07,1e-07,103.0,0.0,1e-10,1e-10
167,PUERTO PINASCO,12.559658377292138,1e-07,1e-08,0.9197812682611444,0.0005803264532922482,-0.090477423612054,0.02439024390243727,1e-07,-0.009999999999999998,1e-08,0.004109138724523341,1.62910826838162e-08,1e-07,1e-07,102.0,1.0,1e-10,1e-10
168,SANTA MARIA,11.858176212498517,1e-07,1e-08,0.9197812682611444,0.0005803264532922482,-0.090477423612054,0.02439024390243727,1e-07,-0.009999999999999998,1e-08,0.004109138724523341,1.62910826838162e-08,1e-07,1e-07,102.0,1.0,1e-10,1e-10
169,TAVAPY,17.868538608806634,104.25621943327785,-0.375,0.9556006945756624,0.0014391154635794586,-0.2224428028904681,0.039281705948366774,1e-07,-0.00583333333333355,1e-08,0.000811681723363483,9.823303161333933e-10,1e-07,1e-07,99.0,1.0,1e-10,1e-10
170,MBARACAYU,11.267605633802818,1e-07,1e-08,0.9842103390381591,0.00014544586542781506,-0.02273417496851104,0.030303030303028056,1e-07,-0.00375,1e-08,1e-07,1.9915125883983952e-10,1e-07,1e-07,103.0,0.0,1e-10,1e-10
171,3 DE FEBRERO,10.120433154539015,1e-07,1e-08,0.9842103390381591,0.00014544586542781506,-0.02273417496851104,0.030303030303028056,1e-07,-0.00375,1e-08,1e-07,1.9915125883983952e-10,1e-07,1e-07,103.0,0.0,1e-10,1e-10
172,TACUARAS,26.53223666755107,1e-07,1e-08,0.9197812682611444,0.0005803264532922482,-0.090477423612054,0.02439024390243727,1e-07,-0.009999999999999998,1e-08,0.004109138724523341,1.62910826838162e-08,1e-07,1e-07,102.0,1.0,1e-10,1e-10
173,YEGROS,14.790711433219938,1e-07,1e-08,0.9842103390381591,0.00014544586542781506,-0.02273417496851104,0.030303030303028056,1e-07,-0.00375,1e-08,1e-07,1.9915125883983952e-10,1e-07,1e-07,103.0,0.0,1e-10,1e-10
174,LEANDRO OVIEDO,31.20449344705637,108.19115680970936,-1.0,0.9456674586989796,0.00036288615935997935,-0.05660579929027438,0.02567164179103565,1e-07,-0.006874999999999249,1e-08,0.00025682117028246176,3.1944981461077694e-09,1e-07,1e-07,102.0,0.0,1e-10,1e-10
175,RAUL ARSENIO OVIEDO,8.16293212521938,8.329182610117321,-1.0,0.9516944404594349,0.0008683190347423472,-0.13502722102504083,0.031390134529124536,1e-07,-0.007499999999994896,1e-08,0.0023113905325443784,3.2023030914629147e-09,1e-07,1e-07,101.0,1.0,1e-10,1e-10
176,CARMEN DEL PARANA,24.691358024691358,1e-07,1e-08,0.9842103390381591,0.00014544586542781506,-0.02273417496851104,0.030303030303028056,1e-07,-0.00375,1e-08,1e-07,1.9915125883983952e-10,1e-07,1e-07,103.0,0.0,1e-10,1e-10
177,ISLA UMBU,33.333333333333336,1e-07,1e-08,0.9842103390381591,0.00014544586542781506,-0.02273417496851104,0.030303030303028056,1e-07,-0.00375,1e-08,1e-07,1.9915125883983952e-10,1e-07,1e-07,103.0,0.0,1e-10,1e-10
178,JUAN DE MENA,40.328775541557846,527.3846928467883,-0.2647352647352648,0.8575034374169659,0.0034202826613303015,-0.5228400966494879,0.026737277189362363,1e-07,-0.011000000000000782,1e-08,0.0003250493096648634,4.544492291719923e-08,1e-07,1e-07,96.0,3.0,1e-10,1e-10
179,PIRAPO,17.52745968684272,34.13464923043297,-1.0,0.9456674586989865,0.00036288615935993864,-0.056605799290268044,0.025671641791039645,1e-07,-0.006874999999998663,1e-08,0.0002568211702822693,3.194498146106582e-09,1e-07,1e-07,102.0,0.0,1e-10,1e-10
180,SAN PATRICIO,26.932399676811205,1e-07,1e-08,0.9842103390381591,0.00014544586542781506,-0.02273417496851104,0.030303030303028056,1e-07,-0.00375,1e-08,1e-07,1.9915125883983952e-10,1e-07,1e-07,103.0,0.0,1e-10,1e-10
181,JESUS,21.268676556601267,56.54457530866503,-1.0000000000000002,0.9516944404594128,0.0008683190347425654,-0.13502722102507472,0.03139013452913231,1e-07,-0.007499999999998041,1e-08,0.0023113905325443775,3.202303091466254e-09,1e-07,1e-07,101.0,1.0,1e-10,1e-10
182,VILLA OLIVA,27.129679869777537,1e-07,1e-08,0.9842103390381591,0.00014544586542781506,-0.02273417496851104,0.030303030303028056,1e-07,-0.00375,1e-08,1e-07,1.9915125883983952e-10,1e-07,1e-07,103.0,0.0,1e-10,1e-10
183,CARMELO PERALTA,23.540489642184557,1e-07,1e-08,0.8976880941662846,0.0013017574816209694,-0.20231119340664866,0.039494470774094625,1e-07,-0.013749999999999998,1e-08,0.004109138724523341,3.202912923933678e-08,1e-07,1e-07,101.0,1.0,1e-10,1e-10
184,DESMOCHADOS,56.49717514124294,1e-07,1e-08,0.9842103390381591,0.00014544586542781506,-0.02273417496851104,0.030303030303028056,1e-07,-0.00375,1e-08,1e-07,1.9915125883983952e-10,1e-07,1e-07,103.0,0.0,1e-10,1e-10
185,CORONEL MARTINEZ,22.393908856790954,62.685894235782534,-0.24999999999999994,0.9625536104514194,0.00072360167352422,-0.1125226841875531,0.03724928366762448,1e-07,-0.006249999999997766,1e-08,0.0002568211702824027,1.2064215540626183e-09,1e-07,1e-07,101.0,0.0,1e-10,1e-10
186,SANTA ROSA DEL MONDAY,13.968431345159939,1e-07,1e-08,0.9197812682611444,0.0005803264532922482,-0.090477423612054,0.02439024390243727,1e-07,-0.009999999999999998,1e-08,0.004109138724523341,1.62910826838162e-08,1e-07,1e-07,102.0,1.0,1e-10,1e-10
187,NUEVA ALBORADA,13.154433043935807,1e-07,1e-08,0.9842103390381591,0.00014544586542781506,-0.02273417496851104,0.030303030303028056,1e-07,-0.00375,1e-08,1e-07,1.9915125883983952e-10,1e-07,1e-07,103.0,0.0,1e-10,1e-10
188,R I 3 CORRALES,10.999890001099988,1e-07,1e-08,0.9842103390381591,0.00014544586542781506,-0.02273417496851104,0.030303030303028056,1e-07,-0.00375,1e-08,1e-07,1.9915125883983952e-10,1e-07,1e-07,103.0,0.0,1e-10,1e-10
